GEOID10,ACCESS2_CrudePrev,BINGE_CrudePrev,CASTHMA_CrudePrev,CHD_CrudePrev,CSMOKING_CrudePrev,DIABETES_CrudePrev,LPA_CrudePrev,MHLTH_CrudePrev,"1,3-butadiene",Acetaldehyde,Benzene,Carbon tetrachloride,Diesel Particulate Matter,Ethylene oxide,Formaldehyde,Napthalene,Severe_Housing_Problems,Housing_Cost_Burden,Total_households_with_internet,Unemploymen_ rate,Median_income
17031842400,9.9,12.2,11.6,7.3,16.9,18.2,34.8,14.7,0.02,0.61,0.32,0.52,0.51,0.0,0.91,0.02,110,125,1017,5.6,104130
17031840300,20.6,16.8,8.7,4.6,15.2,11.4,34.1,14.5,0.02,0.65,0.37,0.52,0.65,0.0,0.97,0.05,180,65,1245,15.8,80694
17031841100,14.5,8.6,7.6,6.9,17.9,19.0,44.1,13.0,0.03,0.69,0.51,0.52,1.34,0.0,0.97,0.04,390,115,2223,6.2,66125
17031841200,21.7,19.0,9.0,3.8,12.5,9.9,30.7,14.9,0.02,0.65,0.36,0.52,0.67,0.0,0.98,0.05,130,250,1419,8.9,69211
17031839000,5.3,21.7,8.8,2.4,8.3,5.2,16.3,13.6,0.03,0.7,0.52,0.52,1.42,0.0,0.99,0.04,165,725,5768,17.9,131237
17031838200,7.8,20.3,9.1,1.9,8.1,4.5,19.1,15.8,0.02,0.65,0.36,0.52,0.68,0.0,0.99,0.04,30,20,330,11.3,178333
17031650301,20.3,19.6,8.7,4.1,12.5,9.1,29.8,14.0,0.03,0.74,0.34,0.52,0.51,0.0,1.03,0.03,150,50,1476,11.4,72333
17031530503,10.1,12.8,12.0,6.2,18.3,17.3,34.3,15.8,0.02,0.61,0.31,0.52,0.5,0.0,0.96,0.02,195,170,1358,15.3,64576
17031760803,9.5,19.9,9.4,4.7,16.1,8.2,24.9,15.4,0.04,0.68,0.34,0.52,0.51,0.0,1.03,0.02,300,495,2811,5.6,64143
17031030601,12.0,15.7,9.9,6.4,17.4,12.7,30.8,15.1,0.02,0.6,0.31,0.52,0.43,0.0,0.9,0.02,95,175,1724,4.3,58169
17031030604,7.0,16.9,8.7,4.7,11.1,9.8,22.7,12.5,0.02,0.6,0.28,0.52,0.41,0.0,0.89,0.02,120,355,1774,1.9,111354
17031020801,12.8,16.8,9.1,4.8,15.2,10.2,28.9,14.3,0.02,0.62,0.34,0.52,0.46,0.0,0.91,0.03,145,280,1787,2.4,90215
17031540102,16.6,11.1,15.2,7.2,29.1,20.8,47.3,23.7,0.02,0.6,0.32,0.52,0.43,0.0,0.94,0.02,25,210,1100,18.3,-
17031843300,20.0,14.7,11.8,5.8,22.8,16.3,40.4,18.5,0.02,0.65,0.35,0.52,0.63,0.0,0.97,0.05,0,115,395,20.5,90665
17031540101,18.4,12.1,15.3,5.4,31.8,17.5,47.2,25.4,0.02,0.6,0.35,0.52,0.45,0.0,0.94,0.02,25,320,1336,35.7,18971
17031440201,9.7,12.2,12.1,6.5,18.1,17.8,35.5,15.8,0.02,0.61,0.31,0.52,0.51,0.0,0.91,0.02,45,985,2026,11.8,42798
17031080202,3.9,20.0,8.6,3.4,7.2,5.9,14.7,11.5,0.03,0.71,0.55,0.52,1.53,0.0,0.99,0.05,170,180,2468,0.8,"250,000"
17031070102,4.0,24.9,8.2,1.9,6.1,3.4,12.3,12.3,0.03,0.62,0.55,0.52,1.15,0.0,0.85,0.04,110,240,1818,0.7,"250,000"
17031031501,13.1,14.7,9.7,6.2,17.9,14.2,33.6,15.5,0.03,0.6,0.46,0.52,0.7,0.0,0.83,0.03,95,355,1801,4.7,32539
17031031502,12.7,16.9,10.6,4.8,18.5,12.0,30.9,17.0,0.03,0.6,0.49,0.52,0.75,0.0,0.82,0.03,0,400,2074,10.3,34861
17031834900,19.0,10.7,14.2,9.4,29.8,23.9,49.4,21.1,0.02,0.61,0.33,0.52,0.49,0.0,0.92,0.02,40,115,384,49.5,-
17031834800,14.0,11.7,13.0,7.8,23.5,20.3,42.4,18.8,0.02,0.62,0.34,0.52,0.57,0.0,0.93,0.02,25,105,551,16.0,61269
17031160502,18.3,19.2,9.2,3.6,15.4,9.1,30.2,15.5,0.03,0.63,0.37,0.52,0.66,0.0,0.95,0.03,145,135,1313,5.6,110842
17031140702,20.2,19.2,9.0,3.5,14.7,9.1,30.7,15.4,0.03,0.63,0.35,0.52,0.55,0.0,0.93,0.03,130,210,1740,3.8,78617
17031842000,8.2,19.1,9.1,4.1,9.8,9.1,23.7,15.7,0.03,0.66,0.42,0.52,0.94,0.0,0.92,0.03,15,30,374,14.3,158333
17031150402,9.7,19.4,8.6,4.5,12.3,8.3,23.6,13.1,0.03,0.63,0.35,0.52,0.45,0.0,0.94,0.03,85,65,1249,2.8,116167
17031834400,8.6,15.0,11.5,4.5,15.6,12.7,28.6,15.2,0.02,0.61,0.32,0.52,0.51,0.0,0.91,0.02,170,480,1501,14.9,114695
17031040201,7.4,21.4,8.4,3.1,9.8,6.2,18.5,12.7,0.02,0.62,0.34,0.52,0.48,0.0,0.92,0.03,115,235,2963,4.9,119717
17031040202,10.7,16.8,9.0,4.8,14.8,10.2,27.8,14.3,0.02,0.62,0.34,0.52,0.47,0.0,0.92,0.03,90,505,2529,6.1,74048
17031020702,13.5,14.8,9.3,6.1,17.8,12.5,33.6,15.4,0.02,0.61,0.34,0.52,0.45,0.0,0.91,0.02,445,290,2055,9.1,86106
17031020802,17.2,14.3,9.6,5.3,20.3,13.5,37.6,16.9,0.02,0.61,0.33,0.52,0.44,0.0,0.91,0.02,120,230,1736,10.6,64089
17031020301,7.1,14.0,8.6,8.0,10.6,11.1,25.8,11.7,0.02,0.61,0.33,0.52,0.41,0.0,0.91,0.02,335,155,1755,10.1,95282
17031838700,17.1,12.6,14.0,6.4,27.1,17.8,44.1,21.6,0.02,0.65,0.36,0.52,0.6,0.0,0.96,0.06,115,370,1316,7.7,31647
17031020601,13.9,14.9,10.1,6.3,20.0,13.1,34.7,17.2,0.02,0.61,0.33,0.52,0.41,0.0,0.91,0.02,135,255,1864,6.6,61044
17031841500,14.3,12.8,13.6,5.9,24.5,17.0,40.8,21.2,0.02,0.65,0.35,0.52,0.61,0.0,0.96,0.05,50,235,734,20.3,33459
17031838600,23.0,11.8,14.5,8.9,33.9,22.6,52.0,24.2,0.02,0.65,0.35,0.52,0.62,0.0,0.96,0.05,30,300,467,17.1,61806
17031837300,16.0,14.3,12.5,5.8,25.2,16.4,40.7,19.8,0.02,0.65,0.35,0.52,0.61,0.0,0.96,0.05,60,355,707,11.8,36422
17031020602,12.9,14.8,9.0,5.5,15.7,12.3,31.4,14.5,0.02,0.61,0.31,0.52,0.4,0.0,0.9,0.02,75,165,1555,1.3,85250
17031063301,4.7,21.5,8.9,2.8,7.0,5.0,15.0,13.3,0.02,0.61,0.53,0.52,1.1,0.0,0.85,0.04,20,190,1779,3.8,141250
17031837800,11.5,17.4,11.1,3.5,17.7,10.3,29.2,16.9,0.02,0.65,0.36,0.52,0.64,0.0,0.96,0.04,50,240,1110,14.7,39964
17031837400,14.8,13.9,12.5,6.0,24.3,16.8,39.5,19.0,0.02,0.64,0.35,0.52,0.62,0.0,0.96,0.04,35,130,715,21.4,46641
17031836900,16.6,13.3,13.5,5.3,26.0,15.7,41.6,21.5,0.02,0.64,0.35,0.52,0.6,0.0,0.96,0.04,25,235,581,8.1,-
17031020302,8.2,16.5,8.7,5.3,11.6,9.9,24.1,12.4,0.02,0.61,0.31,0.52,0.39,0.0,0.9,0.02,170,55,1504,9.4,103750
17031020902,14.1,14.8,9.8,6.0,20.2,13.7,35.4,16.3,0.02,0.61,0.32,0.52,0.42,0.0,0.9,0.02,145,165,1374,5.6,56891
17031010701,11.2,18.9,9.1,3.7,13.4,8.9,24.9,13.8,0.02,0.6,0.3,0.52,0.37,0.0,0.9,0.02,100,195,1561,3.5,84330
17031030103,6.9,21.6,9.3,2.5,10.1,5.9,19.2,15.8,0.02,0.6,0.3,0.52,0.38,0.0,0.89,0.02,115,105,946,5.3,83150
17031063303,3.7,14.5,7.7,6.5,6.1,8.5,18.6,8.9,0.02,0.61,0.53,0.52,1.11,0.0,0.84,0.04,75,215,762,2.9,225750
17031030102,6.9,18.6,9.1,4.2,11.6,8.9,21.5,13.3,0.02,0.6,0.3,0.52,0.4,0.0,0.89,0.02,200,300,1679,5.4,74429
17031010502,9.0,19.9,10.2,3.1,14.5,7.6,23.7,17.4,0.02,0.6,0.3,0.52,0.36,0.0,0.89,0.02,30,275,1441,8.7,97083
17031010503,13.3,14.7,10.9,7.8,16.9,14.6,34.8,19.3,0.02,0.6,0.3,0.52,0.37,0.0,0.89,0.02,50,325,1138,1.5,57500
17031010702,15.8,19.2,9.8,3.4,16.0,9.2,28.7,16.2,0.02,0.6,0.3,0.52,0.36,0.0,0.89,0.02,55,200,1754,8.0,72344
17031837100,14.3,12.9,12.2,7.4,20.7,18.0,38.7,17.5,0.02,0.64,0.35,0.52,0.6,0.0,0.96,0.04,85,190,492,17.6,87417
17031837000,14.6,12.9,13.5,5.6,25.0,16.8,40.8,20.6,0.02,0.64,0.35,0.52,0.61,0.0,0.96,0.04,20,90,771,11.3,81587
17031010201,16.5,16.8,10.9,4.5,20.6,11.8,33.8,17.8,0.02,0.6,0.3,0.52,0.36,0.0,0.89,0.02,70,485,2691,8.2,55644
17031020901,15.9,15.8,9.9,4.5,18.7,12.0,33.8,16.7,0.02,0.61,0.32,0.52,0.43,0.0,0.91,0.02,70,325,1833,5.8,58194
17031040401,5.8,22.0,8.1,2.7,8.2,5.5,15.7,11.4,0.02,0.62,0.33,0.52,0.48,0.0,0.92,0.03,100,85,1435,1.5,102375
17031210602,17.4,20.3,8.7,3.4,11.6,8.4,26.8,14.1,0.03,0.63,0.37,0.52,0.66,0.0,0.95,0.03,55,80,1391,2.7,95179
17031160501,17.6,18.6,8.8,3.8,13.2,9.4,28.9,14.3,0.03,0.63,0.36,0.52,0.61,0.0,0.94,0.03,115,45,1341,6.0,72904
17031191302,26.8,18.4,9.4,4.2,15.7,11.1,36.1,16.2,0.02,0.64,0.35,0.52,0.49,0.0,0.95,0.03,240,100,1036,5.8,65208
17031190602,23.4,17.9,9.1,4.9,14.9,11.4,34.3,14.9,0.02,0.64,0.35,0.52,0.48,0.0,0.95,0.03,410,95,1108,5.8,86779
17031840200,13.2,13.5,7.7,4.4,14.4,11.8,32.9,12.8,0.03,0.67,0.45,0.52,1.1,0.0,0.94,0.04,125,100,788,5.5,47019
17031530501,10.0,13.7,11.6,5.6,18.0,15.6,33.7,15.9,0.02,0.61,0.31,0.52,0.47,0.0,0.94,0.02,135,275,1520,32.5,49886
17031020701,7.2,15.7,8.2,5.2,11.3,10.3,23.9,11.5,0.02,0.62,0.34,0.52,0.47,0.0,0.92,0.03,175,80,743,7.7,120313
17031831400,15.1,13.8,11.4,6.2,20.9,15.9,37.7,16.9,0.02,0.65,0.36,0.52,0.58,0.0,0.96,0.05,195,205,864,11.2,55313
17031831300,14.7,17.9,9.8,3.7,13.3,10.5,28.5,14.1,0.02,0.64,0.35,0.52,0.52,0.0,0.95,0.04,25,80,308,4.3,51176
17031010501,8.2,18.7,9.5,3.7,12.3,8.1,22.8,14.5,0.02,0.6,0.3,0.52,0.35,0.0,0.89,0.02,65,480,2164,7.6,69319
17031833000,4.3,24.0,8.2,1.9,8.0,4.3,13.7,11.8,0.03,0.7,0.53,0.52,1.42,0.0,0.99,0.05,25,325,2442,4.9,204955
17031760801,7.3,20.0,8.7,3.5,12.0,7.0,20.7,13.5,0.04,0.68,0.35,0.52,0.52,0.0,1.03,0.02,15,320,2181,2.7,90781
17031252101,14.0,11.3,13.2,8.2,24.3,21.7,43.2,18.8,0.02,0.65,0.36,0.52,0.57,0.0,0.96,0.05,10,240,619,13.3,57439
17031252102,11.1,13.3,12.3,5.8,20.1,16.4,36.6,17.4,0.02,0.65,0.36,0.52,0.58,0.0,0.96,0.05,300,425,1877,18.1,57083
17031252202,17.5,11.6,14.1,8.0,28.2,21.3,46.3,21.2,0.02,0.65,0.36,0.52,0.58,0.0,0.96,0.05,180,400,1656,19.1,46503
17031220601,10.1,22.0,8.4,2.8,9.5,6.7,20.6,13.3,0.03,0.63,0.36,0.52,0.61,0.0,0.94,0.03,25,80,734,3.3,170938
17031210502,19.5,18.0,9.4,4.8,15.3,10.7,32.0,15.8,0.03,0.64,0.37,0.52,0.67,0.0,0.95,0.03,65,170,1368,4.9,85886
17031220602,11.0,21.1,8.8,3.0,10.7,7.2,22.1,14.2,0.03,0.63,0.37,0.52,0.65,0.0,0.95,0.03,100,380,2548,3.6,188942
17031220901,24.3,16.7,9.8,4.7,15.9,12.8,36.5,16.3,0.02,0.64,0.35,0.52,0.53,0.0,0.95,0.04,65,155,942,7.7,90887
17031220902,21.1,19.2,8.8,3.6,13.2,10.0,31.3,14.6,0.02,0.64,0.35,0.52,0.55,0.0,0.95,0.04,85,50,965,5.1,79048
17031200401,31.4,17.4,9.9,4.7,17.6,12.5,40.2,17.3,0.02,0.64,0.35,0.52,0.52,0.0,0.95,0.03,120,75,747,5.5,73293
17031200402,26.8,18.8,9.2,3.8,13.7,10.4,34.1,15.1,0.02,0.64,0.35,0.52,0.53,0.0,0.95,0.03,50,120,1263,1.8,72168
17031191301,26.2,18.1,9.3,4.3,14.6,11.2,35.4,15.4,0.02,0.64,0.35,0.52,0.49,0.0,0.95,0.03,115,250,1119,0.5,83403
17031190601,23.4,18.7,8.9,4.2,13.8,10.3,33.3,14.9,0.02,0.64,0.35,0.52,0.48,0.0,0.95,0.03,345,85,852,8.4,97727
17031190701,28.1,17.7,9.7,4.6,18.0,11.8,38.2,16.9,0.03,0.63,0.35,0.52,0.5,0.0,0.94,0.03,95,115,783,2.1,97083
17031190702,31.2,17.2,10.1,5.1,19.6,12.5,40.8,17.9,0.02,0.64,0.35,0.52,0.5,0.0,0.95,0.03,175,200,1176,9.3,63259
17031190401,17.8,17.8,9.0,5.0,14.3,11.0,30.9,14.3,0.03,0.63,0.35,0.52,0.46,0.0,0.93,0.03,225,60,1153,3.4,105066
17031190402,20.8,17.7,9.4,5.1,15.8,11.2,33.5,15.5,0.03,0.62,0.35,0.52,0.46,0.0,0.93,0.03,225,175,1316,5.0,81074
17031832100,5.4,23.9,8.8,2.0,8.4,4.5,15.3,13.9,0.03,0.61,0.51,0.52,0.91,0.0,0.86,0.03,90,180,1687,4.4,-
17031843800,14.5,14.9,11.2,5.9,20.8,14.6,36.7,17.8,0.02,0.63,0.35,0.52,0.66,0.0,0.96,0.03,35,120,633,14.4,-
17031842800,35.2,16.4,10.1,5.5,21.2,14.1,45.2,18.9,0.03,0.71,0.34,0.52,0.53,0.0,1.0,0.03,260,250,1765,10.1,59034
17031351500,11.2,15.4,12.1,3.7,18.4,11.7,32.4,19.5,0.03,0.66,0.42,0.52,0.97,0.0,0.92,0.03,0,90,357,19.2,54091
17031833300,8.2,17.5,9.2,3.5,10.6,7.2,23.8,16.7,0.03,0.7,0.53,0.52,1.39,0.0,0.99,0.05,25,290,1125,8.2,200403
17031832900,5.9,19.8,8.7,2.5,7.7,5.2,17.8,14.7,0.03,0.69,0.51,0.52,1.26,0.0,1.0,0.04,10,135,755,4.4,130536
17031838000,10.8,14.1,11.3,6.0,16.9,15.3,32.6,15.9,0.02,0.65,0.36,0.52,0.65,0.0,0.97,0.04,70,240,1189,26.5,58267
17031838100,14.5,12.7,10.5,7.8,20.9,18.3,38.1,16.2,0.02,0.65,0.37,0.52,0.74,0.0,0.98,0.04,20,180,777,9.4,"250,000"
17031030706,6.8,15.6,8.1,6.1,9.3,9.7,22.7,10.7,0.02,0.6,0.28,0.52,0.42,0.0,0.89,0.02,45,315,1661,7.9,-
17031381500,13.6,12.2,13.9,5.3,24.2,17.0,39.3,19.9,0.03,0.65,0.41,0.52,0.8,0.0,0.9,0.03,10,105,382,24.4,25833
17031833100,5.5,23.4,8.3,2.1,9.0,4.7,15.2,12.3,0.03,0.7,0.51,0.52,1.33,0.0,0.98,0.04,375,385,4691,1.1,209871
17031839100,6.0,23.5,8.3,1.8,8.0,3.9,15.1,13.8,0.03,0.7,0.54,0.52,1.48,0.0,0.99,0.05,185,510,4102,1.8,182764
17031081201,3.6,19.2,8.5,3.8,5.8,5.9,14.4,11.4,0.03,0.71,0.56,0.52,1.53,0.0,0.99,0.05,355,195,2515,1.6,224268
17031150401,9.1,18.8,8.8,4.9,12.4,8.7,23.7,13.1,0.03,0.63,0.36,0.52,0.49,0.0,0.94,0.03,230,165,1577,6.7,106775
17031150501,8.5,18.8,8.6,5.1,12.1,8.5,23.3,12.8,0.03,0.63,0.36,0.52,0.48,0.0,0.94,0.03,180,20,1421,5.6,152500
17031843000,18.3,11.0,14.3,8.4,29.1,22.1,48.5,21.8,0.02,0.65,0.36,0.52,0.6,0.0,0.96,0.05,90,265,799,11.6,50144
17031842900,17.0,12.4,13.1,8.0,24.0,19.0,43.1,19.8,0.03,0.68,0.46,0.52,1.09,0.0,1.0,0.05,0,195,1163,13.0,17996
17031842100,20.2,14.8,11.6,5.7,20.8,15.9,39.7,17.9,0.02,0.64,0.35,0.52,0.52,0.0,0.95,0.04,290,205,1781,17.6,62431
17031841900,7.1,21.7,9.4,1.7,10.0,4.3,18.6,16.5,0.03,0.7,0.53,0.52,1.43,0.0,0.99,0.05,115,25,1582,9.1,188250
17031080201,3.3,18.2,8.2,4.3,6.3,6.9,14.5,9.8,0.03,0.71,0.55,0.52,1.52,0.0,0.99,0.04,200,30,2255,3.1,174361
17031070101,4.2,19.8,8.6,3.8,7.0,6.1,15.6,12.0,0.03,0.62,0.55,0.52,1.17,0.0,0.86,0.04,220,260,2423,2.5,151276
17031081202,3.4,15.7,8.1,5.6,6.3,8.2,16.3,9.4,0.03,0.71,0.55,0.52,1.53,0.0,0.99,0.04,170,40,1936,0.7,"250,000"
17031040402,5.2,23.9,8.2,1.9,7.8,4.2,14.3,12.1,0.02,0.61,0.33,0.52,0.48,0.0,0.91,0.03,45,120,2457,4.9,134355
17031220702,18.2,19.7,9.0,3.3,13.3,8.7,28.6,14.9,0.03,0.63,0.37,0.52,0.66,0.0,0.95,0.03,60,255,1499,5.1,82063
17031140301,20.9,16.8,8.8,4.0,16.2,11.0,34.2,15.2,0.03,0.62,0.35,0.52,0.5,0.0,0.93,0.03,30,60,659,8.7,71222
17031842200,5.9,20.6,9.0,2.8,9.8,6.6,18.3,13.0,0.03,0.71,0.55,0.52,1.52,0.0,0.99,0.05,95,290,2138,2.0,192069
17031843700,8.7,21.6,8.8,3.2,11.3,6.4,19.7,13.1,0.03,0.63,0.36,0.52,0.61,0.0,0.94,0.03,30,40,914,4.4,246458
17031835000,21.5,14.1,11.9,6.2,23.6,17.0,43.3,19.2,0.03,0.71,0.34,0.52,0.54,0.0,1.01,0.03,120,275,1469,15.7,69698
17031842300,5.2,23.0,8.3,2.6,8.7,5.7,15.5,12.1,0.03,0.7,0.52,0.52,1.36,0.0,0.99,0.04,135,50,1622,7.3,230670
17031230200,24.9,17.7,9.9,4.0,16.5,11.5,35.7,16.7,0.02,0.64,0.34,0.52,0.55,0.0,0.95,0.04,55,75,647,2.6,72917
17031835100,27.7,17.6,10.2,4.4,17.5,12.1,38.1,17.0,0.03,0.71,0.34,0.52,0.54,0.0,1.0,0.03,210,120,1025,11.6,53995
17031834700,17.4,11.5,13.9,8.0,28.0,21.3,46.6,21.1,0.02,0.62,0.34,0.52,0.58,0.0,0.93,0.02,15,215,482,17.6,52875
17031151001,16.0,19.0,8.8,4.4,12.7,9.4,27.8,13.9,0.03,0.63,0.36,0.52,0.56,0.0,0.94,0.03,80,55,802,4.0,113798
17031151002,19.7,18.8,9.4,4.4,15.8,9.9,31.5,15.4,0.03,0.64,0.37,0.52,0.65,0.0,0.95,0.03,90,120,1435,3.6,100146
17031160602,12.8,20.2,8.8,3.3,13.1,7.9,24.9,14.3,0.03,0.63,0.36,0.52,0.62,0.0,0.94,0.03,85,105,1461,3.3,87404
17031140601,20.3,16.8,9.0,4.7,15.4,11.9,33.9,15.1,0.03,0.63,0.36,0.52,0.55,0.0,0.93,0.03,55,135,577,10.6,125625
17031140701,16.0,20.3,8.3,3.0,12.9,7.9,26.7,14.1,0.02,0.62,0.35,0.52,0.51,0.0,0.93,0.03,75,60,872,4.6,108854
17031140602,18.6,18.5,9.1,3.5,14.6,9.5,30.6,15.4,0.03,0.62,0.35,0.52,0.54,0.0,0.93,0.03,55,235,1445,10.7,68654
17031390500,5.9,15.6,10.5,4.1,10.6,10.6,22.7,13.5,0.02,0.62,0.35,0.52,0.61,0.0,0.91,0.02,50,170,802,7.7,145859
17031841800,11.3,13.0,12.4,6.2,20.0,16.9,36.4,17.2,0.02,0.6,0.31,0.52,0.5,0.0,0.91,0.02,115,130,792,15.7,45682
17031842500,18.8,11.8,15.8,5.7,29.8,16.4,47.3,26.2,0.02,0.61,0.33,0.52,0.55,0.0,0.93,0.02,25,140,898,6.9,38578
17031842600,13.3,18.8,8.9,4.5,14.4,9.0,27.3,14.1,0.02,0.65,0.4,0.52,0.86,0.0,0.93,0.03,60,85,1516,2.6,108512
17031843500,27.5,19.1,10.7,4.5,30.1,11.9,41.8,21.0,0.02,0.65,0.36,0.52,0.62,0.0,0.97,0.06,45,20,147,8.5,-
17031843400,17.5,12.3,13.0,7.9,25.7,20.6,44.6,19.6,0.02,0.65,0.38,0.52,0.59,0.0,0.97,0.08,60,75,372,5.2,62734
17031140302,13.1,16.6,8.2,4.8,11.9,10.0,27.9,12.6,0.02,0.62,0.35,0.52,0.5,0.0,0.93,0.03,40,75,1233,5.6,83750
17031110501,9.3,18.2,8.6,4.7,12.6,8.9,24.1,12.7,0.03,0.63,0.36,0.52,0.55,0.0,0.94,0.03,95,70,1684,2.8,123045
17031390400,10.2,11.2,11.9,8.0,17.0,19.5,35.9,15.3,0.02,0.62,0.35,0.52,0.61,0.0,0.91,0.02,15,305,1132,12.1,-
17031843200,21.7,19.8,8.7,3.7,12.5,9.5,30.2,14.5,0.02,0.66,0.39,0.52,0.83,0.0,0.98,0.05,60,155,876,4.7,47266
17031840800,37.7,16.2,10.3,5.3,20.9,15.0,46.5,19.3,0.02,0.65,0.36,0.52,0.61,0.0,0.97,0.07,90,115,812,8.0,49444
17031110502,9.1,18.4,8.8,4.7,13.5,8.7,24.7,13.6,0.03,0.63,0.36,0.52,0.54,0.0,0.94,0.03,55,80,1271,6.2,118229
17031760802,7.5,15.0,9.0,8.1,13.5,11.4,26.9,12.5,0.03,0.67,0.34,0.52,0.47,0.0,1.01,0.02,155,60,912,2.8,136767
17031150502,10.3,18.3,9.0,4.9,13.5,9.2,25.5,13.8,0.03,0.63,0.35,0.52,0.45,0.0,0.94,0.03,125,165,1256,3.5,113603
17031843100,13.3,13.3,12.5,6.3,23.6,17.8,39.5,18.8,0.02,0.65,0.35,0.52,0.62,0.0,0.96,0.05,10,120,423,4.4,65435
17031834300,8.6,12.0,11.4,6.7,15.4,17.5,32.8,14.0,0.02,0.6,0.31,0.52,0.49,0.0,0.91,0.02,145,225,2186,8.5,85313
17031843900,10.4,12.3,12.1,6.4,18.5,17.7,34.9,15.7,0.02,0.6,0.3,0.52,0.44,0.0,0.9,0.02,320,380,1743,3.0,72583
17031831200,29.8,17.2,9.6,4.7,16.8,12.8,39.3,16.8,0.02,0.64,0.35,0.52,0.52,0.0,0.95,0.04,265,165,1361,9.5,56888
17031831600,20.2,17.0,9.4,5.8,15.8,12.2,34.1,14.9,0.02,0.64,0.36,0.52,0.49,0.0,0.95,0.03,165,395,2151,4.4,99494
17031831500,18.2,18.4,9.3,4.5,15.3,10.1,31.0,15.1,0.02,0.63,0.35,0.52,0.48,0.0,0.94,0.03,65,95,1250,5.1,77264
17031831100,18.9,18.3,9.3,4.6,15.6,10.3,31.4,15.5,0.03,0.64,0.37,0.52,0.67,0.0,0.95,0.03,255,310,2679,2.5,70714
17031831700,15.1,18.9,9.0,4.2,13.7,9.3,27.4,14.2,0.03,0.64,0.37,0.52,0.66,0.0,0.95,0.03,50,250,831,3.7,84205
17031271500,12.0,13.2,12.9,5.6,22.0,17.1,37.4,18.3,0.02,0.65,0.35,0.52,0.61,0.0,0.96,0.05,25,120,439,12.7,53750
17031440202,8.9,10.4,11.6,8.3,15.3,20.5,35.9,13.7,0.02,0.61,0.31,0.52,0.52,0.0,0.91,0.02,155,275,1128,13.6,-
17031440102,11.0,13.2,12.4,5.8,20.0,16.6,36.2,17.1,0.02,0.6,0.31,0.52,0.51,0.0,0.91,0.02,70,390,1482,16.9,35642
17031430102,9.6,12.7,11.9,6.4,17.4,17.3,33.8,15.7,0.02,0.59,0.29,0.52,0.41,0.0,0.89,0.02,20,340,1942,11.3,69260
17031030702,5.3,17.0,8.0,4.5,9.0,9.1,19.7,10.7,0.02,0.6,0.29,0.52,0.42,0.0,0.89,0.02,220,90,1318,16.3,119861
17031030603,9.7,20.4,9.2,2.9,13.6,7.4,23.1,14.7,0.02,0.61,0.32,0.52,0.44,0.0,0.9,0.02,25,165,1050,7.5,86250
17031030701,10.5,19.6,9.5,3.9,15.1,8.7,24.9,15.3,0.02,0.61,0.31,0.52,0.45,0.0,0.9,0.02,10,180,748,8.8,121827
17031836300,5.7,16.5,10.3,3.9,10.6,10.9,22.2,13.5,0.02,0.61,0.33,0.52,0.55,0.0,0.92,0.02,25,155,661,12.3,74563
17031838300,7.3,18.9,9.7,2.6,10.4,7.5,20.9,13.8,0.03,0.71,0.56,0.52,1.53,0.0,1.0,0.05,35,85,1601,5.8,142778
17031839800,10.1,16.5,8.2,4.6,12.1,9.7,26.3,13.1,0.03,0.66,0.44,0.52,1.03,0.0,0.93,0.04,50,90,1116,7.5,97917
17031836600,17.3,16.3,10.4,4.9,16.0,13.2,33.5,16.2,0.02,0.64,0.34,0.52,0.56,0.0,0.95,0.04,105,85,879,3.8,86691
17031730202,7.3,12.6,10.7,6.5,13.2,16.3,30.1,12.8,0.02,0.61,0.34,0.52,0.53,0.0,0.92,0.02,145,115,796,8.8,88113
17031430101,9.8,13.9,12.5,4.9,18.8,14.7,33.4,17.6,0.02,0.59,0.29,0.52,0.41,0.0,0.9,0.02,110,480,1681,20.3,54151
17031063302,3.7,23.5,8.3,2.2,5.7,3.9,12.4,12.2,0.02,0.61,0.53,0.52,1.1,0.0,0.84,0.04,105,235,2550,5.3,215040
17031836200,7.3,22.9,10.2,1.5,7.7,2.7,18.2,21.0,0.02,0.61,0.32,0.52,0.53,0.0,0.92,0.02,0,10,109,9.2,"250,000"
17031071400,4.3,21.4,8.7,3.0,7.4,5.4,14.9,12.4,0.03,0.64,0.63,0.52,1.42,0.0,0.89,0.04,255,240,2727,2.4,"250,000"
17031840100,11.4,13.1,7.6,4.8,14.8,12.4,33.2,12.9,0.03,0.67,0.45,0.52,1.1,0.0,0.94,0.04,150,80,1089,6.6,76081
17031580502,29.7,17.1,9.5,4.9,17.7,12.4,40.0,17.0,0.02,0.69,0.36,0.52,0.57,0.0,1.0,0.05,130,90,1052,1.5,61463
17031081401,4.1,16.4,8.1,4.9,6.3,7.7,17.0,10.3,0.03,0.7,0.53,0.52,1.41,0.0,0.98,0.04,130,180,1447,1.9,209875
17031081403,4.1,20.9,8.0,2.3,6.7,4.7,14.3,11.6,0.03,0.69,0.51,0.52,1.36,0.0,0.97,0.04,195,735,5744,3.9,151419
17031030703,9.7,16.1,9.4,6.5,14.2,11.8,27.0,13.7,0.02,0.61,0.31,0.52,0.45,0.0,0.9,0.02,0,235,1629,8.0,72375
17031836000,8.1,14.6,11.7,4.1,16.1,12.8,29.2,15.9,0.02,0.64,0.4,0.52,0.79,0.0,0.9,0.03,85,120,1119,10.5,93077
17031835800,12.1,13.9,12.8,4.6,21.8,14.2,35.1,18.4,0.02,0.65,0.4,0.52,0.8,0.0,0.9,0.03,60,30,875,14.6,84404
17031834500,12.5,14.3,13.1,4.7,22.3,14.2,36.6,19.8,0.02,0.61,0.33,0.52,0.55,0.0,0.92,0.02,0,125,535,16.6,32054
17031843600,9.0,13.9,11.9,4.6,15.9,13.4,29.5,15.5,0.02,0.62,0.36,0.52,0.64,0.0,0.91,0.03,40,285,1223,5.8,96591
17031580501,30.0,17.2,9.6,4.9,17.8,12.6,40.3,17.2,0.02,0.66,0.36,0.52,0.62,0.0,0.98,0.06,135,135,1229,11.8,57500
17031834600,15.7,12.2,13.1,7.4,26.2,19.7,44.4,19.7,0.02,0.61,0.34,0.52,0.57,0.0,0.92,0.02,10,160,655,24.5,36098
17031831800,9.6,17.8,8.7,4.0,11.9,9.0,24.6,13.9,0.02,0.62,0.34,0.52,0.49,0.0,0.92,0.03,115,205,2425,3.9,84833
17031071600,4.1,21.4,8.5,3.3,7.9,6.0,15.0,11.8,0.03,0.69,0.51,0.52,1.35,0.0,0.96,0.04,75,25,668,1.9,"250,000"
17031832600,3.6,25.4,8.4,1.7,6.5,3.3,11.6,12.6,0.03,0.69,0.52,0.52,1.36,0.0,0.97,0.04,155,50,1708,5.5,"250,000"
17031061901,4.9,22.6,8.4,2.5,7.7,4.8,14.8,12.7,0.02,0.6,0.51,0.52,1.04,0.0,0.84,0.03,110,240,2464,3.3,132361
17031839900,10.4,19.2,8.8,3.9,12.8,8.1,24.1,14.1,0.03,0.66,0.43,0.52,1.0,0.0,0.93,0.04,140,160,2025,1.9,152608
17031030104,8.6,19.3,10.4,3.0,11.1,6.4,23.6,19.9,0.02,0.6,0.3,0.52,0.37,0.0,0.89,0.02,110,185,789,8.6,79292
17031770602,17.5,16.7,9.1,6.3,15.7,11.1,32.3,14.5,0.06,0.73,0.37,0.52,0.45,0.0,1.17,0.03,55,145,1289,6.8,89727
17031839700,13.0,17.9,8.7,4.3,12.8,9.2,26.6,13.8,0.03,0.67,0.44,0.52,1.02,0.0,0.94,0.04,180,80,1852,2.4,144722
17031835200,17.1,18.8,9.2,5.1,15.4,10.0,30.2,14.9,0.05,0.82,0.41,0.52,0.59,0.0,1.19,0.1,70,30,638,4.9,87125
17031833900,22.9,13.9,11.6,6.2,20.5,16.5,43.0,18.8,0.02,0.59,0.28,0.52,0.44,0.0,0.89,0.02,85,85,597,22.5,41369
17031836800,21.5,11.4,14.6,8.6,33.6,23.0,51.1,23.2,0.02,0.64,0.35,0.52,0.58,0.0,0.95,0.04,35,350,882,20.0,32007
17031838800,21.0,13.4,11.7,6.9,21.2,17.9,42.4,18.3,0.02,0.61,0.31,0.52,0.55,0.0,0.95,0.03,40,105,930,14.4,31379
17031836700,16.3,12.8,13.4,6.5,24.8,18.0,42.4,20.6,0.02,0.64,0.34,0.52,0.58,0.0,0.95,0.04,30,195,947,2.9,75712
17031832200,5.1,25.1,8.3,1.9,7.7,3.6,13.5,12.7,0.02,0.64,0.35,0.52,0.61,0.0,0.95,0.03,65,55,1659,1.9,232800
17031252201,12.4,12.0,12.2,7.5,20.4,19.0,39.1,16.3,0.02,0.65,0.36,0.52,0.58,0.0,0.96,0.05,70,270,922,25.9,51875
17031831000,3.7,26.3,7.8,1.5,6.3,3.0,11.1,11.2,0.02,0.64,0.35,0.52,0.62,0.0,0.95,0.04,80,15,1071,4.0,"250,000"
17031832400,8.3,23.5,7.9,2.0,8.1,5.0,16.8,12.2,0.02,0.64,0.34,0.52,0.59,0.0,0.95,0.04,100,65,1658,4.8,141155
17031070103,4.4,24.7,8.8,1.6,6.7,3.0,12.8,14.0,0.03,0.62,0.56,0.52,1.21,0.0,0.86,0.04,0,165,967,1.7,-
17031220701,16.3,21.0,8.2,2.9,10.4,7.7,25.5,13.3,0.02,0.63,0.36,0.52,0.61,0.0,0.95,0.03,10,105,1042,6.1,88972
17031770902,7.6,17.7,8.9,6.5,13.1,9.2,24.5,13.2,0.03,0.67,0.34,0.52,0.49,0.0,1.02,0.02,115,55,1390,8.9,91979
17031660301,27.8,15.8,11.1,4.7,22.9,14.3,43.6,19.6,0.03,0.71,0.34,0.52,0.51,0.0,1.0,0.03,10,125,455,15.1,37132
17031660302,29.1,16.9,10.5,4.4,20.0,12.5,41.0,18.4,0.03,0.71,0.34,0.52,0.51,0.0,1.0,0.03,155,175,990,18.4,65452
17031301802,36.8,16.6,10.1,5.3,19.8,14.5,44.9,18.6,0.02,0.65,0.38,0.52,0.59,0.0,0.97,0.09,35,95,626,12.4,-
17031834000,11.4,13.3,12.6,5.6,19.8,15.9,36.0,17.5,0.02,0.61,0.33,0.52,0.56,0.0,0.92,0.02,40,330,1095,18.1,41720
17031834200,7.9,13.7,11.3,5.3,14.5,14.7,29.7,14.2,0.02,0.6,0.3,0.52,0.44,0.0,0.9,0.02,70,135,1999,9.0,66005
17031730201,10.4,12.2,12.3,6.7,18.7,18.3,36.1,16.2,0.02,0.61,0.34,0.52,0.53,0.0,0.92,0.02,190,460,1779,8.3,62969
17031835500,15.0,10.9,12.7,10.0,25.2,24.5,44.9,17.8,0.03,0.66,0.41,0.52,0.92,0.0,0.92,0.03,30,180,542,14.4,-
17031839500,9.2,11.1,11.0,8.6,13.9,19.9,33.4,13.7,0.03,0.65,0.42,0.52,0.9,0.0,0.91,0.03,45,85,593,7.3,158750
17031839200,8.8,13.1,10.8,5.5,14.2,14.6,30.0,14.2,0.03,0.66,0.43,0.52,1.0,0.0,0.92,0.03,130,170,1318,12.8,-
17031530502,9.8,13.3,11.9,6.1,17.8,16.7,33.4,15.6,0.02,0.61,0.31,0.52,0.47,0.0,0.95,0.02,70,4,504,13.3,77404
17031840400,18.3,15.0,8.4,5.2,15.4,12.9,34.9,14.1,0.03,0.67,0.43,0.52,0.92,0.0,0.95,0.04,210,40,1124,5.1,96875
17031841000,6.5,15.6,9.2,4.0,10.7,10.6,23.4,12.3,0.03,0.68,0.47,0.52,1.18,0.0,0.95,0.04,55,75,576,1.6,166250
17031030101,9.5,16.5,9.3,5.2,13.9,10.9,26.6,13.8,0.02,0.6,0.31,0.52,0.41,0.0,0.9,0.02,90,335,1717,16.8,78152
17031700302,15.5,17.2,9.5,5.8,14.5,11.0,30.4,14.5,0.02,0.7,0.33,0.52,0.48,0.0,0.98,0.02,170,90,1586,6.1,105022
17031700402,13.6,15.4,11.1,5.1,18.3,13.3,33.1,16.0,0.02,0.7,0.33,0.52,0.48,0.0,0.97,0.02,220,15,1048,5.7,99420
17031700401,13.3,16.6,10.6,4.4,15.8,11.7,30.4,15.5,0.02,0.71,0.33,0.52,0.48,0.0,0.98,0.02,285,115,1776,10.2,113351
17031830500,34.6,17.1,9.9,4.9,18.6,13.6,42.6,17.6,0.02,0.65,0.39,0.52,0.6,0.0,0.99,0.11,310,100,925,11.3,82981
17031841700,27.9,10.2,12.6,13.0,27.5,28.0,52.5,18.8,0.02,0.65,0.36,0.52,0.62,0.0,0.96,0.06,25,65,496,0.0,88553
17031640100,17.7,19.2,9.1,4.4,14.5,9.4,29.8,15.0,0.06,0.85,0.41,0.52,0.56,0.0,1.26,0.05,60,85,440,9.7,68636
17031840700,28.7,18.3,9.6,4.4,16.6,11.8,36.8,16.7,0.02,0.65,0.36,0.52,0.63,0.0,0.97,0.05,135,15,1181,5.7,109265
17031841300,20.4,19.6,8.7,3.8,11.8,9.3,28.8,13.9,0.02,0.65,0.36,0.52,0.64,0.0,0.97,0.05,265,90,1702,6.6,108603
17031301801,32.8,17.1,9.5,4.8,17.8,13.4,41.8,16.9,0.02,0.66,0.39,0.52,0.59,0.0,0.97,0.11,205,35,792,12.6,56083
17031060800,4.1,22.8,8.1,2.5,6.4,4.8,13.3,11.5,0.02,0.6,0.5,0.52,0.94,0.0,0.83,0.03,180,340,3184,3.2,98413
17031832300,5.5,25.8,8.0,1.7,8.1,3.6,13.9,12.6,0.02,0.64,0.35,0.52,0.63,0.0,0.95,0.03,70,55,1139,2.3,159844
17031832500,5.6,22.2,8.9,3.0,8.5,4.9,16.3,13.7,0.02,0.64,0.39,0.52,0.78,0.0,0.94,0.03,85,240,1353,3.9,"250,000"
17031832000,5.5,26.9,8.5,1.5,8.4,2.9,13.6,14.4,0.03,0.61,0.5,0.52,0.93,0.0,0.87,0.03,25,110,966,3.5,204333
17031160601,11.8,20.9,8.7,2.9,11.8,6.9,22.8,13.8,0.03,0.63,0.36,0.52,0.58,0.0,0.93,0.03,175,90,1404,7.2,144653
17031210501,20.0,18.6,9.7,4.7,15.8,10.0,31.3,16.0,0.03,0.64,0.37,0.52,0.67,0.0,0.95,0.03,95,225,1267,5.3,73580
17031210601,17.0,19.5,8.7,3.6,11.7,8.9,26.9,13.7,0.03,0.64,0.37,0.52,0.67,0.0,0.95,0.03,45,45,968,11.5,96438
17031081300,3.7,15.3,8.1,5.7,6.7,8.8,17.6,9.7,0.03,0.7,0.54,0.52,1.49,0.0,0.98,0.04,530,235,3257,1.2,"250,000"
17031700502,6.8,13.7,10.5,5.5,12.0,13.8,26.8,12.4,0.02,0.7,0.33,0.52,0.48,0.0,0.97,0.02,95,85,1049,7.4,110606
17031836100,13.4,13.6,13.1,5.2,23.2,15.4,38.4,19.9,0.02,0.61,0.33,0.52,0.57,0.0,0.93,0.02,50,190,668,23.9,30966
17031061100,4.0,28.7,8.1,1.1,5.7,2.0,10.4,13.2,0.02,0.62,0.39,0.52,0.71,0.0,0.9,0.03,10,55,715,0.3,235132
17031836400,9.6,12.8,12.1,5.8,18.1,16.1,33.4,16.1,0.02,0.64,0.4,0.52,0.79,0.0,0.89,0.03,150,220,1636,13.5,61583
17031836500,9.9,14.6,12.4,3.8,18.1,12.1,31.2,17.2,0.02,0.65,0.41,0.52,0.82,0.0,0.9,0.03,0,170,656,6.0,39618
17031839600,9.7,11.6,11.0,8.0,15.7,18.7,35.1,13.5,0.03,0.65,0.41,0.52,0.87,0.0,0.91,0.03,50,145,745,6.8,98601
17031840000,9.9,16.4,8.2,4.2,12.8,9.8,26.4,13.0,0.03,0.66,0.43,0.52,1.01,0.0,0.93,0.04,105,25,1001,16.1,95781
17031835600,13.4,13.6,11.6,6.1,19.5,15.8,37.6,16.6,0.02,0.63,0.35,0.52,0.7,0.0,0.97,0.02,15,65,186,16.5,-
17031830800,5.1,24.9,8.4,1.6,7.7,3.5,13.6,12.9,0.02,0.62,0.33,0.52,0.49,0.0,0.92,0.03,4,195,1487,7.0,167788
17031460301,20.6,13.7,12.3,6.5,23.9,17.5,43.0,19.4,0.02,0.59,0.29,0.52,0.4,0.0,0.89,0.02,155,190,1099,12.9,66231
17031301701,35.9,17.1,9.6,5.2,19.1,14.3,44.0,18.0,0.02,0.65,0.37,0.52,0.6,0.0,0.97,0.08,220,80,1067,1.9,69819
17031310400,13.2,20.6,8.3,2.9,8.9,7.7,22.3,12.6,0.03,0.7,0.53,0.52,1.38,0.0,0.98,0.05,105,60,639,8.5,215368
17031530100,24.5,14.5,11.5,6.5,20.9,16.6,42.2,18.1,0.02,0.6,0.31,0.52,0.46,0.0,0.94,0.02,80,85,503,28.4,31515
17031081100,4.8,21.1,8.8,2.9,7.8,5.7,15.7,12.9,0.03,0.71,0.56,0.52,1.53,0.0,0.99,0.05,175,410,2620,1.0,223879
17031150700,12.0,19.0,8.8,4.6,12.7,9.0,25.4,13.5,0.03,0.62,0.35,0.52,0.47,0.0,0.93,0.03,190,160,1268,3.6,138067
17031301702,34.2,17.5,9.7,4.6,18.3,12.8,42.4,17.7,0.02,0.65,0.37,0.52,0.6,0.0,0.98,0.09,70,90,1119,3.6,55900
17031700301,18.7,18.5,9.1,4.8,14.0,9.7,30.4,14.4,0.02,0.71,0.33,0.52,0.48,0.0,0.98,0.02,315,70,1514,8.5,82833
17031490902,9.1,12.4,11.6,6.6,16.0,17.4,33.0,14.4,0.02,0.61,0.33,0.52,0.55,0.0,0.92,0.02,90,250,1533,6.4,90250
17031061800,4.9,24.0,8.8,2.1,8.1,4.2,14.7,13.9,0.02,0.6,0.52,0.52,1.02,0.0,0.84,0.03,20,90,745,8.3,157604
17031490901,12.2,12.6,12.6,6.8,21.4,18.5,38.4,17.3,0.02,0.6,0.31,0.52,0.47,0.0,0.94,0.02,20,365,965,17.9,35540
17031650302,28.9,17.7,9.6,4.9,17.3,11.9,38.4,16.6,0.03,0.72,0.34,0.52,0.5,0.0,1.0,0.03,210,0,1083,5.3,69950
17031831900,4.1,26.2,8.4,1.6,6.7,3.0,12.0,12.8,0.02,0.63,0.35,0.52,0.62,0.0,0.93,0.03,10,95,1391,2.6,203456
17031830600,14.6,19.4,9.5,3.6,15.4,8.8,27.3,15.5,0.02,0.6,0.3,0.52,0.37,0.0,0.9,0.02,50,290,1939,7.6,93125
17031830900,8.5,23.3,8.1,2.4,9.2,5.4,17.6,12.3,0.03,0.63,0.35,0.52,0.62,0.0,0.94,0.03,10,125,1230,1.3,135000
17031830700,9.9,19.1,9.5,4.4,15.1,10.0,25.0,14.7,0.02,0.6,0.3,0.52,0.46,0.0,0.9,0.02,60,355,1858,5.6,59375
17031300900,39.4,16.4,10.6,5.3,21.9,14.7,46.7,19.6,0.02,0.65,0.36,0.52,0.61,0.0,0.96,0.06,320,190,1130,1.9,39286
17031700501,7.7,14.8,10.7,4.8,14.2,13.4,27.7,13.5,0.02,0.69,0.33,0.52,0.48,0.0,0.97,0.02,410,270,1945,9.9,70679
17031460302,16.3,12.4,13.1,7.1,25.9,19.6,43.7,19.9,0.02,0.59,0.29,0.52,0.4,0.0,0.89,0.02,55,170,1200,20.3,73056
17031431302,12.9,12.7,13.5,6.1,23.9,17.9,39.9,20.1,0.02,0.59,0.29,0.52,0.4,0.0,0.89,0.02,4,490,1595,22.0,-
17031222900,23.7,18.9,9.1,3.7,14.0,10.5,33.4,15.4,0.02,0.64,0.35,0.52,0.52,0.0,0.95,0.04,35,35,344,5.4,108750
17031431301,11.9,13.2,12.9,5.6,21.4,16.6,37.2,18.7,0.02,0.59,0.29,0.52,0.4,0.0,0.89,0.02,135,245,1091,12.4,37352
17031440101,16.5,11.8,14.3,7.3,29.1,21.2,46.2,21.8,0.02,0.6,0.31,0.52,0.51,0.0,0.91,0.02,10,700,1330,15.6,31031
17031301803,32.1,18.2,9.2,4.2,16.2,11.7,39.3,16.6,0.02,0.65,0.39,0.52,0.59,0.0,0.97,0.1,75,25,851,11.4,86742
17031310200,13.5,20.3,8.6,3.6,11.4,8.4,24.4,13.7,0.03,0.7,0.53,0.52,1.4,0.0,0.98,0.05,25,80,727,1.6,140691
17031310300,17.0,20.5,9.0,3.4,12.3,8.4,26.8,14.9,0.03,0.7,0.53,0.52,1.39,0.0,0.98,0.05,35,110,693,3.6,77407
17031310500,24.8,18.6,9.1,4.3,14.2,11.2,34.0,15.6,0.03,0.7,0.52,0.52,1.36,0.0,0.98,0.05,45,40,627,9.1,70430
17031510300,13.5,11.0,13.4,8.3,24.3,22.7,43.1,18.5,0.02,0.6,0.31,0.52,0.49,0.0,0.91,0.02,150,570,1683,21.7,50288
17031491400,12.4,13.1,12.9,6.0,21.8,17.2,37.4,18.3,0.02,0.6,0.31,0.52,0.46,0.0,0.94,0.02,20,335,779,9.6,-
17031500200,12.7,12.9,13.3,5.8,22.6,17.0,38.5,19.5,0.02,0.61,0.33,0.52,0.54,0.0,0.92,0.02,20,110,653,11.6,52333
17031530200,13.8,12.8,13.0,6.5,22.7,17.9,39.2,18.4,0.02,0.61,0.31,0.52,0.47,0.0,0.94,0.02,105,335,1128,26.6,42842
17031740100,7.3,20.9,9.0,4.7,14.3,7.5,22.0,14.0,0.02,0.65,0.33,0.52,0.41,0.0,0.93,0.02,190,35,1228,3.6,153750
17031140500,13.1,19.3,8.3,3.8,11.8,8.6,25.2,13.1,0.03,0.63,0.36,0.52,0.54,0.0,0.93,0.03,20,95,1215,5.3,79643
17031140800,11.3,20.1,8.4,3.5,11.5,7.6,22.7,12.9,0.02,0.62,0.35,0.52,0.52,0.0,0.93,0.03,150,135,2482,9.8,132935
17031301100,31.9,17.3,9.9,4.7,17.8,12.6,40.3,17.5,0.02,0.65,0.36,0.52,0.62,0.0,0.96,0.06,105,115,643,7.4,59205
17031150200,11.2,18.7,9.3,4.6,14.5,9.0,25.7,14.6,0.03,0.63,0.36,0.52,0.55,0.0,0.94,0.03,305,210,2524,4.6,120326
17031150300,8.9,19.3,8.7,4.6,11.9,8.0,22.5,12.9,0.03,0.63,0.35,0.52,0.48,0.0,0.93,0.03,160,175,2984,3.0,101031
17031301200,35.7,15.7,10.5,5.8,21.8,15.7,46.7,19.4,0.02,0.65,0.36,0.52,0.63,0.0,0.97,0.05,170,130,1467,13.5,62574
17031740400,5.9,21.0,8.9,4.0,11.3,6.8,19.1,12.9,0.02,0.64,0.33,0.52,0.4,0.0,0.92,0.02,125,20,1668,3.4,146038
17031020400,9.7,16.9,9.0,4.6,13.3,10.0,25.4,13.1,0.02,0.6,0.31,0.52,0.37,0.0,0.9,0.02,175,165,1599,5.4,117692
17031640300,13.6,18.8,9.0,5.1,14.1,9.3,27.5,14.2,0.05,0.84,0.39,0.52,0.57,0.0,1.16,0.05,140,240,2042,12.6,97738
17031640600,15.8,17.9,9.7,5.8,17.1,10.5,31.1,15.8,0.04,0.82,0.38,0.52,0.6,0.0,1.13,0.04,85,110,1552,5.1,110921
17031010400,7.5,19.9,10.5,2.8,11.5,6.2,21.7,18.5,0.02,0.6,0.3,0.52,0.36,0.0,0.89,0.02,60,545,1648,2.0,146786
17031071800,4.1,21.6,8.7,2.7,7.8,5.5,14.4,11.7,0.03,0.7,0.53,0.52,1.42,0.0,0.98,0.04,20,25,1070,3.6,"250,000"
17031160300,8.7,20.2,8.6,3.8,11.5,7.5,21.2,12.9,0.03,0.63,0.37,0.52,0.65,0.0,0.95,0.03,90,20,1633,12.2,123571
17031310700,23.0,19.2,8.6,4.5,13.0,10.5,31.6,14.5,0.03,0.69,0.51,0.52,1.24,0.0,0.98,0.05,30,115,599,13.8,73707
17031071500,3.4,23.4,8.4,2.3,6.0,4.1,12.1,11.6,0.03,0.7,0.53,0.52,1.44,0.0,0.97,0.04,230,410,3462,4.5,206667
17031071700,3.9,21.9,8.5,2.8,7.6,5.3,14.1,11.4,0.03,0.7,0.55,0.52,1.51,0.0,0.99,0.04,45,20,649,1.9,"250,000"
17031671200,17.5,12.2,13.5,7.3,27.8,19.4,46.2,21.1,0.02,0.62,0.34,0.52,0.53,0.0,0.93,0.02,20,4,167,33.9,43571
17031670500,15.3,13.1,13.0,6.5,24.2,17.9,41.5,19.3,0.02,0.65,0.35,0.52,0.62,0.0,0.97,0.03,20,105,261,12.5,34464
17031670600,14.2,13.0,12.6,6.5,23.3,18.1,40.9,18.6,0.02,0.63,0.35,0.52,0.59,0.0,0.94,0.03,50,4,318,13.8,37600
17031670700,17.3,11.3,13.9,8.3,29.7,22.6,48.9,21.6,0.02,0.62,0.34,0.52,0.58,0.0,0.93,0.03,0,85,272,29.9,29737
17031670800,17.0,11.4,13.5,7.9,26.6,20.7,46.3,19.9,0.02,0.62,0.34,0.52,0.57,0.0,0.93,0.03,25,85,303,19.4,56250
17031670900,11.9,12.6,12.1,6.9,20.3,18.3,38.3,17.5,0.02,0.62,0.34,0.52,0.57,0.0,0.93,0.02,90,70,363,10.8,38723
17031671100,14.9,12.6,12.6,6.9,24.0,18.5,42.3,19.1,0.02,0.62,0.34,0.52,0.53,0.0,0.92,0.02,75,145,230,50.3,17068
17031671300,15.4,12.3,13.3,7.0,25.4,19.3,43.4,19.8,0.02,0.62,0.34,0.52,0.51,0.0,0.93,0.02,105,140,650,22.7,28563
17031671400,14.8,12.9,12.7,6.6,23.9,18.3,41.5,18.7,0.02,0.62,0.34,0.52,0.51,0.0,0.93,0.02,70,60,460,15.9,-
17031671500,15.2,12.2,13.1,7.2,25.2,19.6,43.1,19.5,0.02,0.62,0.33,0.52,0.48,0.0,0.92,0.02,45,115,705,13.8,61484
17031671600,16.5,11.5,13.4,8.7,26.7,21.8,46.2,20.0,0.02,0.61,0.33,0.52,0.48,0.0,0.92,0.02,60,225,509,28.0,46181
17031670100,17.8,12.2,14.0,7.5,27.8,19.9,45.0,20.8,0.02,0.62,0.34,0.52,0.58,0.0,0.93,0.03,40,65,344,20.4,40683
17031230500,36.4,14.9,10.9,6.2,22.4,17.0,47.8,19.3,0.02,0.64,0.35,0.52,0.52,0.0,0.95,0.04,50,440,1079,2.6,61973
17031230600,25.3,16.4,10.8,4.7,19.7,13.4,39.6,17.9,0.02,0.64,0.35,0.52,0.52,0.0,0.95,0.04,165,315,1760,10.3,63361
17031240600,10.2,22.9,8.3,2.3,10.4,5.8,20.0,13.3,0.02,0.64,0.34,0.52,0.59,0.0,0.95,0.04,15,50,706,3.2,187115
17031241000,14.1,17.9,9.4,4.3,11.7,10.1,27.6,14.3,0.02,0.64,0.34,0.52,0.59,0.0,0.95,0.04,35,95,811,5.2,85583
17031191000,26.5,18.7,9.1,4.1,14.1,10.9,35.0,15.1,0.02,0.64,0.35,0.52,0.52,0.0,0.95,0.03,80,140,647,4.9,83403
17031080300,3.8,25.0,8.1,1.8,6.6,3.5,11.9,11.6,0.03,0.71,0.55,0.52,1.52,0.0,0.99,0.04,90,250,3062,3.1,191771
17031300800,41.5,15.7,10.8,5.8,23.5,16.0,49.3,20.3,0.02,0.65,0.36,0.52,0.61,0.0,0.97,0.06,150,190,818,6.0,36823
17031650200,24.1,18.0,9.2,4.9,15.8,10.7,34.8,15.5,0.04,0.76,0.36,0.52,0.54,0.0,1.07,0.04,240,165,2025,4.1,94961
17031660500,28.3,17.0,9.8,5.1,18.3,12.7,39.9,17.2,0.03,0.72,0.34,0.52,0.5,0.0,1.0,0.03,190,225,1287,12.3,71185
17031221400,11.1,21.9,8.2,2.7,9.3,6.8,20.8,13.1,0.02,0.64,0.35,0.52,0.59,0.0,0.95,0.04,55,170,1508,4.3,186500
17031161000,6.9,21.0,8.5,3.5,9.9,6.6,18.5,12.2,0.03,0.64,0.37,0.52,0.67,0.0,0.95,0.03,45,35,788,6.5,157143
17031340600,23.4,8.7,16.2,12.3,36.0,29.9,58.3,24.7,0.03,0.66,0.43,0.52,0.99,0.0,0.92,0.04,0,70,396,25.6,35174
17031240500,4.2,27.4,8.0,1.1,6.8,2.3,11.2,12.3,0.02,0.64,0.34,0.52,0.6,0.0,0.95,0.04,90,25,1341,2.6,231850
17031240700,13.8,19.6,8.9,3.1,11.2,8.4,25.1,14.0,0.02,0.64,0.34,0.52,0.59,0.0,0.95,0.04,20,70,611,0.5,226250
17031240800,13.7,19.5,8.6,3.3,10.6,9.1,24.6,13.1,0.02,0.64,0.34,0.52,0.58,0.0,0.95,0.04,45,75,603,4.8,172981
17031240900,15.7,17.3,9.4,4.6,14.1,11.9,30.4,14.7,0.02,0.64,0.34,0.52,0.58,0.0,0.95,0.04,15,70,461,0.9,138125
17031241100,10.3,22.0,9.1,2.3,11.5,6.2,21.5,14.9,0.02,0.64,0.34,0.52,0.6,0.0,0.95,0.04,100,105,1550,4.2,91538
17031190300,20.1,18.1,9.4,5.1,15.8,10.9,32.5,15.3,0.03,0.63,0.35,0.52,0.49,0.0,0.93,0.03,150,320,1710,3.6,95329
17031190800,27.7,17.7,9.6,4.8,16.6,12.0,37.6,16.4,0.02,0.64,0.36,0.52,0.57,0.0,0.95,0.03,200,410,1624,5.5,74315
17031190900,25.9,17.0,9.0,5.6,15.6,13.2,37.5,14.9,0.02,0.64,0.36,0.52,0.6,0.0,0.95,0.03,60,75,499,3.4,77250
17031191100,25.8,18.6,9.2,3.9,14.7,10.9,35.3,15.8,0.02,0.64,0.35,0.52,0.51,0.0,0.95,0.03,175,320,1505,1.6,54900
17031191200,34.4,17.9,10.0,4.2,18.9,11.7,41.5,18.3,0.02,0.64,0.35,0.52,0.5,0.0,0.95,0.03,75,115,844,5.6,69138
17031080100,3.7,17.4,8.2,4.9,6.6,7.3,15.9,10.2,0.03,0.71,0.55,0.52,1.52,0.0,0.99,0.04,330,285,4213,6.8,"250,000"
17031080400,8.4,17.8,11.4,3.5,15.3,9.4,25.8,17.1,0.03,0.71,0.55,0.52,1.53,0.0,0.99,0.05,95,220,2018,7.6,-
17031081000,6.2,19.4,9.2,4.2,9.2,7.2,19.7,14.5,0.03,0.71,0.56,0.52,1.53,0.0,1.0,0.05,30,865,4637,2.3,"250,000"
17031150600,10.8,20.0,8.7,4.3,12.5,8.0,23.8,13.5,0.03,0.63,0.35,0.52,0.45,0.0,0.94,0.03,145,135,1270,5.7,96610
17031301600,36.4,16.6,9.9,5.3,19.4,14.5,44.4,18.2,0.02,0.65,0.36,0.52,0.61,0.0,0.98,0.07,100,150,1082,16.4,32079
17031020500,17.6,14.2,10.0,6.0,20.3,13.6,37.5,16.7,0.02,0.6,0.31,0.52,0.39,0.0,0.9,0.02,205,340,1932,7.7,65745
17031821402,8.6,14.3,11.3,5.1,15.8,14.3,30.5,14.8,0.02,0.61,0.32,0.52,0.5,0.0,0.95,0.02,140,95,1133,22.6,92318
17031750300,4.5,20.7,8.7,3.9,9.9,6.7,17.3,12.0,0.02,0.61,0.32,0.52,0.45,0.0,0.94,0.02,45,30,917,6.0,146250
17031640800,18.9,18.9,8.6,4.4,12.3,9.5,29.5,13.8,0.04,0.76,0.35,0.52,0.52,0.0,1.07,0.03,60,45,460,5.4,56125
17031750100,9.5,11.9,11.7,7.1,16.4,18.4,34.7,15.0,0.02,0.61,0.32,0.52,0.48,0.0,0.94,0.02,135,140,1377,11.2,83994
17031740200,6.1,20.5,9.2,4.2,10.9,6.7,19.6,14.0,0.02,0.66,0.33,0.52,0.42,0.0,0.94,0.02,175,70,1939,2.2,157730
17031650400,26.0,17.9,9.2,4.7,15.3,11.4,36.3,15.7,0.03,0.72,0.33,0.52,0.49,0.0,0.99,0.02,310,60,1561,10.2,78646
17031650500,19.1,18.2,9.0,4.8,12.9,10.3,30.7,13.9,0.03,0.72,0.33,0.52,0.5,0.0,1.0,0.03,295,100,1272,5.9,111950
17031660600,21.6,15.1,12.1,5.0,23.2,14.8,41.3,19.7,0.03,0.71,0.33,0.52,0.5,0.0,0.99,0.02,85,315,1421,18.7,56108
17031221100,13.5,19.4,9.0,3.9,12.4,9.4,26.4,14.6,0.02,0.64,0.35,0.52,0.56,0.0,0.95,0.04,30,210,1896,4.1,97028
17031221300,12.8,21.5,8.9,2.7,12.2,7.1,23.7,15.3,0.02,0.64,0.35,0.52,0.59,0.0,0.95,0.04,50,205,1236,3.9,184063
17031221500,12.6,19.5,8.8,4.1,12.2,9.5,25.8,14.1,0.02,0.64,0.35,0.52,0.6,0.0,0.95,0.03,75,155,1192,1.1,105321
17031020100,12.0,16.4,9.6,4.4,14.9,10.4,28.4,14.1,0.02,0.6,0.3,0.52,0.37,0.0,0.9,0.02,85,275,1521,8.7,69861
17031221600,5.2,24.3,8.3,2.0,7.6,4.1,14.1,12.5,0.02,0.64,0.35,0.52,0.61,0.0,0.95,0.03,55,50,1329,3.5,193542
17031160800,16.9,19.1,9.0,4.1,14.1,9.4,28.9,14.7,0.03,0.63,0.37,0.52,0.66,0.0,0.95,0.03,40,255,1735,9.9,72226
17031160900,7.5,19.6,8.3,3.9,10.1,7.7,20.2,11.9,0.03,0.64,0.37,0.52,0.67,0.0,0.95,0.03,60,115,1007,7.5,155219
17031222800,19.3,18.0,9.5,3.4,13.3,10.0,31.2,15.7,0.02,0.64,0.35,0.52,0.52,0.0,0.95,0.04,10,40,431,10.9,87109
17031161100,5.9,21.0,8.1,3.4,9.5,6.4,17.1,11.1,0.03,0.64,0.37,0.52,0.67,0.0,0.95,0.03,45,30,715,4.9,198024
17031161200,17.2,19.0,8.6,4.0,13.2,9.4,28.8,13.8,0.03,0.64,0.37,0.52,0.67,0.0,0.95,0.03,120,80,998,5.3,77857
17031161300,16.6,18.9,9.1,4.5,14.2,9.6,28.9,14.6,0.03,0.64,0.37,0.52,0.68,0.0,0.95,0.03,150,135,1259,7.2,82813
17031650100,30.5,16.8,9.8,5.4,19.3,13.4,41.7,17.6,0.03,0.73,0.34,0.52,0.51,0.0,1.02,0.03,100,0,945,3.8,82826
17031330200,6.1,16.0,8.8,4.3,10.9,10.4,22.5,11.6,0.03,0.69,0.51,0.52,1.38,0.0,0.98,0.04,110,50,1567,3.7,196339
17031420600,13.1,12.2,13.3,6.7,24.4,19.4,41.3,19.8,0.02,0.61,0.32,0.52,0.54,0.0,0.92,0.02,50,245,929,19.1,57083
17031420700,15.3,11.5,13.7,7.7,27.1,21.4,45.1,20.6,0.02,0.61,0.32,0.52,0.53,0.0,0.92,0.02,135,330,1024,19.5,36000
17031661000,14.1,13.0,12.7,6.0,22.5,17.2,39.4,18.5,0.02,0.69,0.33,0.52,0.48,0.0,0.97,0.02,195,460,1697,8.5,57826
17031823304,10.2,18.1,9.6,5.4,15.3,9.8,27.0,14.7,0.02,0.64,0.33,0.52,0.42,0.0,0.93,0.02,255,270,1987,7.9,78452
17031010100,10.0,16.8,10.8,4.2,16.5,10.8,27.8,16.1,0.02,0.6,0.3,0.52,0.35,0.0,0.89,0.02,70,525,1994,8.1,73009
17031230300,28.7,18.2,9.7,3.9,16.3,11.3,37.6,17.2,0.02,0.64,0.34,0.52,0.52,0.0,0.95,0.04,20,20,226,3.2,65217
17031640400,12.6,18.6,9.1,5.8,15.2,9.4,28.0,14.1,0.03,0.84,0.36,0.52,0.53,0.0,1.03,0.04,135,10,1157,4.4,97447
17031640500,10.2,19.5,8.6,4.9,12.1,8.2,23.4,12.9,0.03,0.87,0.36,0.52,0.54,0.0,1.03,0.03,115,45,1469,4.2,110895
17031640700,17.7,18.0,9.4,5.3,16.8,10.7,32.4,15.5,0.05,0.84,0.39,0.52,0.57,0.0,1.23,0.05,135,30,1038,3.3,83946
17031151200,12.2,18.2,8.7,5.1,13.5,9.7,27.0,13.4,0.03,0.62,0.35,0.52,0.46,0.0,0.93,0.03,100,55,1187,1.6,90679
17031310800,24.1,18.7,9.1,4.1,13.4,10.6,32.7,15.2,0.03,0.67,0.44,0.52,1.0,0.0,0.98,0.05,65,230,1584,8.2,90233
17031660400,29.9,18.2,9.7,4.1,17.0,11.0,38.1,17.0,0.03,0.72,0.34,0.52,0.51,0.0,1.0,0.03,135,45,1209,12.7,75375
17031670400,17.8,12.8,13.2,6.6,26.4,18.5,44.1,19.9,0.02,0.63,0.35,0.52,0.6,0.0,0.95,0.03,75,80,547,23.2,41888
17031340400,12.3,11.7,7.4,4.7,15.6,13.0,36.0,13.3,0.03,0.67,0.44,0.52,1.08,0.0,0.93,0.04,40,85,634,8.7,38958
17031420800,10.3,14.4,12.5,4.6,18.7,13.6,32.9,17.9,0.02,0.61,0.32,0.52,0.52,0.0,0.92,0.02,40,225,990,13.4,66250
17031421200,12.8,11.2,12.6,8.6,21.4,21.3,41.3,17.1,0.02,0.61,0.32,0.52,0.52,0.0,0.91,0.02,15,130,608,10.6,41810
17031661100,18.3,16.8,10.7,4.5,17.7,12.1,34.5,16.6,0.02,0.77,0.33,0.52,0.49,0.0,0.99,0.02,300,125,1856,11.7,71410
17031222500,13.4,21.0,8.7,2.7,10.7,7.4,23.7,14.0,0.02,0.64,0.34,0.52,0.58,0.0,0.95,0.04,20,20,521,2.7,156782
17031190200,23.7,18.0,9.2,4.6,15.2,11.0,34.3,15.3,0.03,0.63,0.37,0.52,0.62,0.0,0.95,0.03,260,110,1398,6.6,84324
17031390600,4.1,16.8,9.2,3.8,7.6,8.7,17.8,11.2,0.02,0.62,0.36,0.52,0.64,0.0,0.9,0.03,40,120,838,7.0,217050
17031010300,10.1,17.4,9.4,5.3,14.3,10.4,26.5,13.8,0.02,0.6,0.3,0.52,0.35,0.0,0.89,0.02,160,300,2929,3.1,89243
17031010600,9.9,19.2,9.8,3.8,14.6,8.7,24.6,15.7,0.02,0.6,0.3,0.52,0.36,0.0,0.89,0.02,40,405,2902,2.8,121724
17031020200,8.4,15.9,8.7,5.1,12.1,10.3,24.9,12.5,0.02,0.61,0.32,0.52,0.39,0.0,0.9,0.02,145,125,1999,8.5,120192
17031150800,15.7,19.5,9.0,4.1,13.7,8.7,27.2,14.2,0.03,0.63,0.36,0.52,0.59,0.0,0.95,0.03,155,75,1505,6.4,89707
17031151100,15.1,17.9,9.3,5.3,15.4,10.5,29.8,14.9,0.03,0.62,0.35,0.52,0.48,0.0,0.93,0.03,145,135,1531,2.2,82734
17031230100,16.2,18.8,9.3,3.5,12.6,9.6,28.1,14.9,0.02,0.64,0.34,0.52,0.57,0.0,0.95,0.04,70,65,589,4.5,108456
17031160100,10.2,18.3,8.9,4.6,13.2,9.1,24.8,13.4,0.03,0.63,0.36,0.52,0.56,0.0,0.94,0.03,140,65,908,1.2,112292
17031160200,7.6,19.9,8.4,3.7,10.5,7.4,20.2,12.2,0.03,0.63,0.37,0.52,0.64,0.0,0.95,0.03,25,55,1196,2.7,166250
17031160400,12.4,20.0,8.7,3.7,12.9,8.2,24.5,13.6,0.03,0.63,0.37,0.52,0.64,0.0,0.95,0.03,180,120,1894,5.5,79258
17031310600,21.2,18.6,9.1,4.2,13.5,11.0,31.3,15.2,0.03,0.7,0.52,0.52,1.33,0.0,0.98,0.05,115,275,2029,4.9,99552
17031310900,26.9,18.2,9.5,4.4,16.0,11.7,35.9,16.6,0.02,0.66,0.37,0.52,0.73,0.0,0.99,0.05,90,260,1766,7.5,68529
17031320400,5.7,24.9,10.1,1.1,6.1,2.3,14.4,18.6,0.03,0.69,0.52,0.52,1.4,0.0,0.98,0.04,35,35,708,8.9,225588
17031061500,3.9,26.7,8.5,1.5,6.0,2.7,11.3,13.2,0.02,0.62,0.34,0.52,0.61,0.0,0.93,0.03,45,55,876,1.5,168594
17031320600,4.4,21.4,8.6,2.2,6.8,4.9,14.8,13.0,0.03,0.7,0.51,0.52,1.4,0.0,0.98,0.04,90,370,3385,4.7,198273
17031740300,5.1,21.9,8.5,3.9,10.6,6.3,17.6,12.5,0.02,0.64,0.33,0.52,0.4,0.0,0.92,0.02,50,0,1827,6.2,162222
17031660700,15.8,12.9,13.2,6.8,25.4,18.5,42.0,19.4,0.02,0.68,0.33,0.52,0.49,0.0,0.97,0.02,105,70,438,33.8,34750
17031222700,17.3,20.0,9.0,3.3,13.5,8.9,28.3,14.9,0.02,0.64,0.35,0.52,0.55,0.0,0.95,0.04,50,35,758,2.7,88235
17031221200,8.4,23.5,8.3,2.0,8.7,5.0,17.7,13.0,0.02,0.64,0.35,0.52,0.58,0.0,0.95,0.04,30,110,1234,3.3,126092
17031160700,13.0,18.5,8.3,4.3,11.4,9.2,25.7,12.6,0.03,0.63,0.36,0.52,0.63,0.0,0.94,0.03,135,205,2200,3.7,108638
17031222200,4.7,25.4,8.0,1.6,7.1,3.4,12.7,12.1,0.02,0.64,0.34,0.52,0.6,0.0,0.95,0.04,15,20,1008,1.2,"250,000"
17031340500,14.9,12.1,9.4,9.4,18.1,19.1,39.6,14.9,0.03,0.66,0.43,0.52,1.03,0.0,0.93,0.04,50,105,831,2.8,-
17031340300,15.4,10.0,8.0,7.6,19.0,18.7,43.5,14.0,0.03,0.67,0.45,0.52,1.1,0.0,0.94,0.04,125,85,632,5.0,53889
17031350400,17.7,10.1,15.5,8.1,32.4,24.7,50.8,23.1,0.03,0.67,0.44,0.52,1.06,0.0,0.93,0.04,0,85,541,22.8,31838
17031750500,8.0,13.7,10.4,6.2,13.2,13.5,28.6,12.9,0.02,0.61,0.32,0.52,0.48,0.0,0.94,0.02,280,220,1352,8.5,-
17031750400,5.3,19.2,9.2,4.1,10.8,7.9,19.5,12.4,0.02,0.61,0.32,0.52,0.46,0.0,0.94,0.02,95,20,1144,2.8,132778
17031750200,4.7,15.9,9.8,4.5,10.1,10.8,21.1,11.9,0.02,0.61,0.32,0.52,0.47,0.0,0.94,0.02,120,180,1422,11.8,103438
17031430200,10.7,12.2,12.7,6.4,19.9,17.8,36.7,17.4,0.02,0.6,0.3,0.52,0.44,0.0,0.9,0.02,165,555,2421,16.7,35906
17031660800,19.9,14.9,12.0,5.3,22.3,14.9,39.9,19.1,0.03,0.71,0.33,0.52,0.49,0.0,0.99,0.02,140,285,1723,3.9,52572
17031660900,15.3,13.1,12.8,6.3,24.4,17.3,41.6,19.7,0.02,0.71,0.33,0.52,0.48,0.0,0.98,0.02,180,400,1328,16.8,65469
17031670200,17.1,12.6,13.2,7.1,26.1,18.8,43.9,20.1,0.02,0.62,0.34,0.52,0.58,0.0,0.93,0.03,15,80,462,2.4,207875
17031670300,13.4,13.1,12.8,5.8,22.5,17.1,38.6,18.6,0.02,0.62,0.35,0.52,0.59,0.0,0.94,0.03,0,75,415,11.8,33750
17031222600,11.6,21.5,8.8,2.7,10.9,6.9,21.8,13.8,0.02,0.64,0.34,0.52,0.57,0.0,0.95,0.04,45,125,684,5.7,122500
17031230400,24.7,18.2,9.2,4.1,14.2,11.2,34.5,15.5,0.02,0.64,0.35,0.52,0.52,0.0,0.95,0.04,140,70,637,3.0,82639
17031170400,9.8,18.4,9.1,5.7,14.4,9.6,25.8,13.9,0.03,0.66,0.33,0.52,0.46,0.0,0.98,0.02,205,10,1389,6.3,115142
17031381900,9.1,14.4,11.5,4.7,16.4,13.3,30.7,15.3,0.02,0.61,0.33,0.52,0.57,0.0,0.92,0.02,75,20,465,22.7,73897
17031390200,6.5,16.0,10.8,3.1,12.3,10.0,23.2,13.6,0.02,0.64,0.4,0.52,0.76,0.0,0.89,0.03,40,95,854,8.9,145179
17031171000,9.8,18.9,8.9,5.2,13.4,9.0,24.7,13.5,0.03,0.63,0.35,0.52,0.46,0.0,0.95,0.03,230,130,2027,6.1,101685
17031180100,12.9,18.1,9.0,5.4,13.8,10.2,28.1,14.1,0.03,0.63,0.35,0.52,0.46,0.0,0.94,0.03,310,350,2107,0.8,104754
17031390300,11.9,11.1,12.7,8.1,21.0,20.7,39.9,17.6,0.02,0.64,0.4,0.52,0.77,0.0,0.89,0.03,35,325,1101,22.0,-
17031390700,5.3,14.7,9.5,4.5,8.3,10.7,21.6,11.6,0.02,0.61,0.34,0.52,0.59,0.0,0.9,0.02,150,625,3016,6.9,101302
17031400300,12.2,14.1,12.8,4.6,21.8,14.3,36.1,19.0,0.02,0.61,0.33,0.52,0.55,0.0,0.92,0.02,10,105,564,13.8,88889
17031400400,12.9,14.3,13.1,4.3,22.5,13.7,36.0,19.4,0.02,0.61,0.33,0.52,0.54,0.0,0.92,0.02,45,165,657,18.0,41439
17031400500,13.2,12.2,13.5,6.1,23.1,17.4,39.9,20.0,0.02,0.61,0.33,0.52,0.55,0.0,0.92,0.02,50,355,1157,18.0,33810
17031400800,18.0,11.6,14.8,7.0,30.0,19.7,47.3,23.0,0.02,0.61,0.32,0.52,0.54,0.0,0.92,0.02,0,365,1251,18.2,22992
17031410100,6.4,17.4,9.4,3.9,9.6,9.4,20.7,12.5,0.02,0.61,0.32,0.52,0.53,0.0,0.91,0.02,15,295,1260,1.4,185257
17031440300,7.7,12.2,11.0,6.7,13.9,17.0,31.5,13.1,0.02,0.61,0.32,0.52,0.52,0.0,0.91,0.02,230,255,2003,21.2,106726
17031440700,8.4,12.2,11.2,6.8,15.2,17.5,32.9,13.9,0.02,0.61,0.32,0.52,0.54,0.0,0.91,0.02,4,60,504,13.3,95339
17031430800,7.8,13.1,10.9,5.8,14.6,15.5,30.5,13.6,0.02,0.59,0.29,0.52,0.4,0.0,0.9,0.02,80,130,717,20.7,69286
17031671800,15.2,12.1,13.0,8.1,24.5,20.9,43.6,19.4,0.02,0.61,0.32,0.52,0.47,0.0,0.91,0.02,45,45,347,24.4,50250
17031680500,15.4,11.8,13.5,7.5,26.5,20.6,44.8,20.7,0.02,0.62,0.34,0.52,0.58,0.0,0.93,0.03,10,130,508,16.3,44583
17031681100,15.7,11.9,13.9,7.3,25.3,19.4,43.2,20.4,0.02,0.61,0.32,0.52,0.47,0.0,0.91,0.02,55,175,744,9.0,36347
17031200100,19.2,18.5,8.7,4.3,12.7,10.4,30.5,13.8,0.03,0.64,0.37,0.52,0.67,0.0,0.95,0.03,140,120,1057,7.4,103594
17031410200,8.0,20.2,9.7,2.2,12.0,5.9,21.6,16.8,0.02,0.61,0.32,0.52,0.54,0.0,0.92,0.02,10,195,687,0.3,101898
17031680600,18.1,12.3,13.8,7.3,27.4,19.1,45.2,21.3,0.02,0.62,0.34,0.52,0.57,0.0,0.93,0.02,10,105,354,15.7,53353
17031170600,8.3,18.1,8.9,5.8,14.0,9.3,25.3,13.5,0.03,0.66,0.33,0.52,0.46,0.0,0.99,0.02,115,0,817,6.9,86184
17031430300,14.9,11.7,14.2,6.7,27.2,19.7,44.1,22.0,0.02,0.6,0.31,0.52,0.49,0.0,0.91,0.02,90,265,957,15.0,43802
17031430700,12.1,12.1,12.2,7.5,20.0,18.8,38.3,16.8,0.02,0.59,0.29,0.52,0.4,0.0,0.89,0.02,45,540,1191,25.9,70867
17031430900,9.4,13.2,12.1,5.9,16.9,16.4,32.7,15.8,0.02,0.6,0.3,0.52,0.43,0.0,0.9,0.02,30,115,742,10.0,61964
17031431200,7.5,13.4,11.0,5.6,13.5,14.9,28.8,13.4,0.02,0.59,0.29,0.52,0.41,0.0,0.9,0.02,45,175,1068,10.2,81705
17031431400,12.4,12.0,12.6,7.6,23.0,20.5,40.4,17.9,0.02,0.59,0.28,0.52,0.39,0.0,0.89,0.02,0,710,2912,8.2,40229
17031230800,24.3,17.3,9.5,4.7,14.4,12.7,35.5,15.6,0.02,0.64,0.34,0.52,0.52,0.0,0.95,0.04,20,55,345,7.0,95833
17031231100,16.5,14.3,11.8,5.7,19.6,15.8,37.5,17.4,0.02,0.64,0.34,0.52,0.53,0.0,0.95,0.04,20,30,336,8.4,60909
17031170900,12.9,17.9,9.5,5.7,16.8,10.3,29.6,15.1,0.03,0.66,0.33,0.52,0.46,0.0,0.98,0.02,60,30,557,16.9,74038
17031210100,13.6,20.3,8.6,3.3,12.3,8.0,24.5,13.7,0.03,0.63,0.36,0.52,0.63,0.0,0.94,0.03,100,55,1671,1.7,143375
17031420200,11.1,13.9,11.8,5.7,19.5,15.8,33.5,17.3,0.02,0.61,0.32,0.52,0.51,0.0,0.91,0.02,25,165,611,18.6,80222
17031420300,9.2,19.1,11.2,2.3,13.0,6.9,25.1,20.5,0.02,0.61,0.32,0.52,0.52,0.0,0.91,0.02,20,240,538,11.2,-
17031440600,7.7,12.9,11.1,6.0,13.8,15.6,30.2,13.4,0.02,0.61,0.33,0.52,0.55,0.0,0.92,0.02,90,35,534,8.1,61582
17031440800,13.7,11.2,13.6,7.7,24.9,21.5,43.5,19.5,0.02,0.61,0.31,0.52,0.54,0.0,0.91,0.02,30,200,587,25.6,-
17031440900,11.1,11.7,12.3,7.1,19.6,18.8,37.7,16.1,0.02,0.61,0.33,0.52,0.55,0.0,0.92,0.02,140,75,932,34.4,82614
17031560400,25.7,16.4,9.7,6.5,18.2,13.3,38.6,16.2,0.04,0.76,0.39,0.52,0.59,0.0,1.08,0.1,85,0,389,2.6,81750
17031450300,10.0,12.2,11.9,6.9,17.8,18.4,35.2,15.0,0.02,0.6,0.3,0.52,0.42,0.0,0.9,0.02,130,245,1132,15.1,71058
17031671900,13.4,12.5,12.5,7.2,21.1,18.2,39.4,17.1,0.02,0.61,0.33,0.52,0.47,0.0,0.91,0.02,45,45,360,13.7,56782
17031672000,12.7,12.6,12.4,6.8,21.1,18.5,38.3,17.1,0.02,0.61,0.33,0.52,0.47,0.0,0.92,0.02,180,130,902,14.1,55807
17031680900,17.3,10.9,14.2,8.6,28.1,22.1,47.5,21.5,0.02,0.61,0.33,0.52,0.53,0.0,0.92,0.02,95,445,1291,34.4,41181
17031681000,19.9,10.6,14.8,9.5,32.9,25.2,51.8,23.0,0.02,0.61,0.33,0.52,0.52,0.0,0.92,0.02,65,135,747,13.2,43373
17031240200,5.6,23.3,8.0,2.6,8.1,4.9,15.4,11.8,0.02,0.64,0.35,0.52,0.65,0.0,0.96,0.04,90,65,664,1.4,183333
17031240300,4.3,25.2,8.0,2.0,6.7,3.6,12.4,11.8,0.02,0.64,0.35,0.52,0.63,0.0,0.96,0.04,45,45,585,1.5,"250,000"
17031200200,25.9,17.6,9.4,4.6,15.6,12.3,36.8,16.0,0.02,0.64,0.36,0.52,0.61,0.0,0.95,0.03,275,95,1434,4.6,73083
17031410500,7.0,17.4,10.8,3.5,11.2,9.3,23.2,16.1,0.02,0.61,0.32,0.52,0.54,0.0,0.92,0.02,75,315,1561,2.0,77151
17031410600,8.2,17.8,10.4,3.8,13.9,9.0,25.1,17.2,0.02,0.61,0.32,0.52,0.54,0.0,0.92,0.02,105,300,1104,8.4,147240
17031170100,8.7,12.9,8.8,9.6,12.8,13.3,30.6,11.8,0.03,0.63,0.36,0.52,0.46,0.0,0.94,0.03,210,55,723,2.0,86111
17031170200,9.4,19.8,8.6,4.4,11.4,8.1,22.5,13.0,0.03,0.63,0.35,0.52,0.45,0.0,0.94,0.03,170,45,1149,5.3,110837
17031170300,10.3,18.9,8.8,5.2,13.8,9.1,25.4,13.7,0.03,0.63,0.35,0.52,0.45,0.0,0.95,0.03,170,80,1681,4.1,117917
17031381800,9.7,14.3,11.5,5.3,17.3,14.5,31.1,15.8,0.02,0.62,0.33,0.52,0.58,0.0,0.93,0.02,65,80,696,11.0,106099
17031170500,7.8,19.4,8.7,4.9,12.5,8.3,22.6,13.0,0.03,0.66,0.33,0.52,0.46,0.0,0.99,0.02,115,35,1806,6.0,124531
17031351400,14.3,11.1,13.8,8.2,25.7,22.5,43.7,20.0,0.03,0.65,0.41,0.52,0.91,0.0,0.91,0.03,15,190,680,17.1,70256
17031381200,8.1,14.2,11.8,4.5,14.3,12.8,28.0,15.2,0.02,0.63,0.38,0.52,0.7,0.0,0.91,0.03,45,320,1052,12.3,74176
17031381400,9.9,14.4,12.1,4.3,18.3,13.2,32.1,17.2,0.02,0.62,0.34,0.52,0.63,0.0,0.93,0.02,30,160,596,22.9,53869
17031390100,6.8,15.7,11.0,3.3,12.5,10.3,23.8,13.8,0.02,0.64,0.39,0.52,0.75,0.0,0.89,0.03,25,70,749,17.9,108523
17031430400,11.2,12.7,12.4,6.9,20.3,18.3,37.4,17.2,0.02,0.6,0.3,0.52,0.48,0.0,0.91,0.02,60,250,986,13.3,56795
17031430500,15.6,11.4,14.2,7.8,27.9,21.8,45.7,21.2,0.02,0.6,0.3,0.52,0.43,0.0,0.9,0.02,15,600,1772,16.1,58707
17031430600,8.9,12.8,11.9,6.3,17.3,17.4,33.5,15.6,0.02,0.59,0.29,0.52,0.41,0.0,0.9,0.02,10,155,626,12.2,79884
17031230700,29.0,16.7,10.2,4.8,18.1,13.4,40.5,17.5,0.02,0.64,0.35,0.52,0.52,0.0,0.95,0.04,370,255,1785,17.2,29041
17031230900,19.0,18.2,9.8,3.9,14.3,10.7,31.4,15.7,0.02,0.64,0.34,0.52,0.55,0.0,0.95,0.04,45,325,1856,6.7,64300
17031231200,19.0,14.3,12.3,5.5,21.5,15.6,39.2,18.6,0.02,0.64,0.35,0.52,0.52,0.0,0.95,0.04,275,360,1463,12.7,29888
17031170700,9.2,18.7,8.9,5.6,14.3,9.0,25.2,13.6,0.03,0.66,0.33,0.52,0.46,0.0,0.98,0.02,175,115,959,2.3,90292
17031170800,10.1,19.1,9.1,5.2,14.8,8.9,25.7,14.3,0.03,0.66,0.33,0.52,0.46,0.0,0.98,0.02,260,70,1317,7.6,89464
17031171100,11.8,18.9,8.9,4.8,13.0,9.1,25.6,13.7,0.03,0.63,0.35,0.52,0.45,0.0,0.93,0.03,140,35,1300,1.5,109615
17031190100,24.1,17.8,9.1,5.0,15.0,11.6,34.9,15.1,0.03,0.64,0.37,0.52,0.66,0.0,0.95,0.03,15,115,617,6.6,84309
17031242200,5.7,25.4,8.2,1.6,7.8,3.5,13.9,12.9,0.02,0.65,0.35,0.52,0.66,0.0,0.96,0.04,85,110,1950,0.2,223958
17031200300,25.7,17.9,9.3,4.4,15.0,11.6,35.5,15.5,0.02,0.64,0.35,0.52,0.55,0.0,0.95,0.04,35,80,621,6.5,73750
17031210400,22.3,17.9,9.2,5.0,14.9,11.1,33.7,15.2,0.03,0.64,0.37,0.52,0.68,0.0,0.95,0.03,30,195,794,8.4,68224
17031220300,7.7,22.4,8.5,2.6,8.9,5.6,17.6,12.8,0.03,0.63,0.35,0.52,0.62,0.0,0.94,0.03,55,15,958,4.6,127411
17031210700,15.3,20.1,8.7,3.5,12.2,8.8,26.4,14.3,0.03,0.63,0.36,0.52,0.64,0.0,0.94,0.03,90,100,1489,2.7,118333
17031210800,16.3,21.7,8.4,2.8,11.2,7.2,24.6,13.7,0.03,0.63,0.36,0.52,0.62,0.0,0.94,0.03,4,85,421,11.2,130469
17031210900,11.5,21.4,8.3,3.0,10.2,7.0,21.5,12.9,0.03,0.63,0.36,0.52,0.62,0.0,0.94,0.03,105,95,1379,11.7,129342
17031420100,12.2,10.8,13.3,7.8,22.3,21.2,41.2,17.8,0.02,0.6,0.32,0.52,0.5,0.0,0.91,0.02,4,270,719,15.0,54521
17031420400,12.9,13.3,12.1,6.7,20.4,16.6,37.2,18.7,0.02,0.61,0.32,0.52,0.52,0.0,0.92,0.02,45,155,606,4.3,40291
17031420500,10.7,12.8,12.4,6.0,19.1,16.6,36.1,17.2,0.02,0.61,0.32,0.52,0.53,0.0,0.92,0.02,20,130,680,39.0,24728
17031691300,9.6,12.0,11.5,7.2,17.0,18.5,35.1,14.6,0.02,0.61,0.32,0.52,0.51,0.0,0.91,0.02,75,305,898,13.0,60905
17031031700,9.1,20.5,9.4,3.1,14.1,7.7,22.7,15.2,0.02,0.61,0.33,0.52,0.48,0.0,0.91,0.03,140,390,3119,4.0,166677
17031470100,11.4,12.3,12.0,6.9,19.4,18.2,37.4,15.9,0.02,0.61,0.31,0.52,0.54,0.0,0.91,0.02,65,120,821,18.3,69471
17031480100,7.5,11.3,10.8,7.5,13.5,18.7,31.8,12.3,0.02,0.6,0.3,0.52,0.43,0.0,0.9,0.02,125,70,777,7.4,93388
17031691000,9.4,12.6,11.7,6.6,17.2,17.7,34.2,14.8,0.02,0.61,0.32,0.52,0.52,0.0,0.91,0.02,100,260,1104,4.2,65511
17031242300,5.1,24.8,8.2,2.1,7.8,3.9,14.0,12.5,0.02,0.64,0.35,0.52,0.63,0.0,0.96,0.04,175,150,1588,3.8,164552
17031411100,4.9,18.6,8.5,4.1,8.1,7.1,17.9,12.4,0.02,0.6,0.32,0.52,0.51,0.0,0.91,0.02,80,95,890,4.6,195288
17031460400,9.7,12.8,11.7,6.2,17.8,16.9,34.5,15.6,0.02,0.59,0.29,0.52,0.4,0.0,0.89,0.02,60,135,1255,17.7,72978
17031681200,17.5,11.6,14.5,7.4,28.8,20.3,46.5,22.5,0.02,0.61,0.32,0.52,0.48,0.0,0.91,0.02,65,395,630,19.7,28939
17031690500,15.5,11.4,13.8,8.0,25.5,21.6,44.2,19.8,0.02,0.61,0.32,0.52,0.52,0.0,0.91,0.02,10,80,306,18.6,47604
17031241400,5.6,24.3,8.5,2.2,8.0,4.3,14.8,13.3,0.02,0.64,0.35,0.52,0.64,0.0,0.96,0.04,135,195,2390,3.1,"250,000"
17031241500,5.2,26.8,8.0,1.4,6.8,3.0,12.5,12.6,0.02,0.65,0.35,0.52,0.66,0.0,0.96,0.04,70,20,1269,2.7,202083
17031241600,7.3,25.5,8.4,1.6,8.1,3.6,15.1,13.7,0.02,0.66,0.38,0.52,0.8,0.0,0.99,0.04,45,140,1737,2.3,153625
17031242000,7.3,21.2,8.5,3.3,8.3,7.1,18.2,12.5,0.02,0.66,0.39,0.52,0.85,0.0,0.98,0.04,35,100,2032,5.0,179787
17031243300,7.5,24.1,8.4,2.2,9.8,4.5,16.5,13.3,0.03,0.67,0.45,0.52,1.0,0.0,0.97,0.04,80,155,1265,3.1,164792
17031491200,10.2,12.2,12.0,7.1,18.3,19.0,36.1,16.0,0.02,0.61,0.31,0.52,0.47,0.0,0.94,0.02,50,35,506,14.5,57311
17031480300,7.7,12.0,11.3,6.8,14.2,17.5,31.5,13.7,0.02,0.6,0.31,0.52,0.5,0.0,0.91,0.02,65,155,342,8.0,66250
17031710800,12.5,11.5,12.6,7.8,21.0,20.1,40.2,17.3,0.02,0.61,0.32,0.52,0.46,0.0,0.91,0.02,100,300,1340,24.3,48500
17031711300,10.2,13.2,12.2,5.8,17.8,16.2,33.5,16.0,0.02,0.61,0.34,0.52,0.53,0.0,0.92,0.02,50,40,399,15.7,75337
17031010202,15.4,16.2,10.5,5.9,19.3,13.3,33.2,16.1,0.02,0.6,0.3,0.52,0.35,0.0,0.89,0.02,55,165,1044,9.6,75125
17031480200,7.6,12.3,11.1,6.4,13.2,16.0,30.4,13.1,0.02,0.6,0.31,0.52,0.49,0.0,0.91,0.02,40,100,515,10.4,73971
17031480400,7.9,11.8,10.8,7.1,14.0,18.1,31.6,12.6,0.02,0.6,0.31,0.52,0.46,0.0,0.91,0.02,245,35,2171,9.6,108277
17031480500,13.6,12.4,11.8,7.2,20.2,19.1,39.0,16.1,0.02,0.6,0.3,0.52,0.46,0.0,0.9,0.02,170,185,1044,21.8,75156
17031241200,7.0,22.1,8.5,2.8,8.6,5.9,17.6,13.0,0.02,0.64,0.35,0.52,0.6,0.0,0.95,0.04,15,60,841,2.8,177222
17031691100,13.1,12.1,13.1,6.7,23.6,18.7,41.1,19.1,0.02,0.61,0.32,0.52,0.5,0.0,0.91,0.02,80,100,868,6.4,44016
17031691200,13.8,12.3,13.5,6.7,24.6,18.9,42.0,20.2,0.02,0.61,0.32,0.52,0.49,0.0,0.91,0.02,110,170,623,9.3,33951
17031691400,9.8,12.2,11.9,7.0,18.3,18.4,36.2,15.9,0.02,0.61,0.31,0.52,0.51,0.0,0.91,0.02,55,210,927,25.7,50579
17031051200,4.4,26.0,8.2,1.7,7.0,3.3,12.1,12.1,0.02,0.63,0.35,0.52,0.62,0.0,0.94,0.03,15,20,596,5.1,223958
17031691500,15.1,11.3,13.6,8.0,25.6,21.5,44.7,19.9,0.02,0.6,0.31,0.52,0.5,0.0,0.91,0.02,125,225,680,35.3,21776
17031700100,15.3,16.3,11.1,4.3,17.8,12.3,33.1,16.5,0.02,0.72,0.33,0.52,0.51,0.0,0.99,0.02,220,40,970,6.4,88036
17031410700,7.8,19.5,9.6,3.3,11.2,7.4,21.7,15.8,0.02,0.61,0.32,0.52,0.53,0.0,0.91,0.02,50,220,1144,2.8,114920
17031410800,6.1,17.2,9.2,3.8,9.2,9.2,20.9,13.0,0.02,0.61,0.32,0.52,0.52,0.0,0.91,0.02,30,355,1542,3.9,143333
17031410900,5.1,16.8,9.2,4.3,8.2,9.3,19.0,11.6,0.02,0.6,0.31,0.52,0.51,0.0,0.91,0.02,85,260,1800,10.4,128042
17031411000,5.2,16.1,9.0,5.1,7.5,9.2,20.4,12.1,0.02,0.6,0.31,0.52,0.49,0.0,0.91,0.02,105,205,2224,14.2,128906
17031411200,4.4,17.8,8.5,4.1,7.5,7.4,17.3,11.8,0.02,0.61,0.32,0.52,0.52,0.0,0.91,0.02,20,100,737,8.5,191607
17031530600,10.4,12.9,12.5,6.1,19.8,17.5,36.1,17.5,0.02,0.61,0.31,0.52,0.46,0.0,0.94,0.02,65,170,840,7.6,81346
17031460100,15.2,13.3,12.0,6.5,21.3,17.5,39.1,17.8,0.01,0.58,0.26,0.52,0.36,0.0,0.88,0.02,65,135,843,14.5,47635
17031460200,24.5,13.6,12.0,6.6,23.3,18.1,44.9,19.9,0.02,0.59,0.28,0.52,0.4,0.0,0.89,0.02,180,180,843,7.5,31682
17031460500,7.3,13.1,10.9,5.7,13.1,15.2,29.0,13.0,0.02,0.59,0.29,0.52,0.41,0.0,0.9,0.02,220,280,2259,9.3,111425
17031241300,5.3,24.3,8.5,2.1,8.2,4.4,14.5,13.0,0.02,0.64,0.35,0.52,0.61,0.0,0.96,0.04,35,35,777,1.8,235882
17031461000,20.2,10.2,10.8,11.6,18.3,25.0,45.4,14.3,0.02,0.59,0.29,0.52,0.49,0.0,0.9,0.02,4,125,431,25.2,-
17031681300,15.7,12.1,13.8,7.0,26.7,19.5,44.2,21.1,0.02,0.61,0.32,0.52,0.47,0.0,0.91,0.02,65,320,730,17.7,21410
17031681400,11.7,13.3,12.4,6.3,19.6,16.5,36.5,17.4,0.02,0.61,0.32,0.52,0.47,0.0,0.91,0.02,4,0,535,12.2,50517
17031060100,5.0,24.5,8.4,2.0,8.0,4.0,13.7,12.3,0.02,0.62,0.34,0.52,0.55,0.0,0.92,0.03,125,105,1276,0.9,212917
17031690300,14.3,10.6,13.2,9.5,24.7,23.3,46.0,19.0,0.02,0.61,0.33,0.52,0.51,0.0,0.92,0.02,0,220,585,17.4,-
17031690400,12.3,12.4,13.0,6.9,21.2,18.6,38.4,18.2,0.02,0.61,0.33,0.52,0.53,0.0,0.92,0.02,90,440,1284,17.3,60703
17031690900,10.8,12.8,12.4,6.6,19.6,17.7,36.4,17.1,0.02,0.61,0.31,0.52,0.51,0.0,0.91,0.02,255,425,1511,18.8,52131
17031060200,6.5,22.9,8.7,2.4,9.2,4.9,16.5,13.3,0.02,0.62,0.34,0.52,0.55,0.0,0.92,0.03,65,140,1170,3.8,213750
17031242100,5.6,25.6,8.0,1.7,7.3,3.5,13.4,12.2,0.02,0.65,0.36,0.52,0.69,0.0,0.97,0.04,60,70,2011,2.4,217813
17031243100,9.4,22.7,8.0,2.6,8.6,6.0,18.4,12.0,0.02,0.65,0.36,0.52,0.66,0.0,0.96,0.04,100,45,909,4.4,193214
17031243200,7.6,24.0,7.8,2.1,7.9,4.7,15.8,11.9,0.02,0.65,0.37,0.52,0.72,0.0,0.97,0.04,150,45,1104,3.4,"250,000"
17031611600,21.8,14.8,11.9,5.5,24.9,16.1,43.2,19.5,0.02,0.66,0.34,0.52,0.56,0.0,0.97,0.03,55,70,472,26.2,52788
17031243400,8.6,23.4,8.2,2.4,9.1,5.3,17.7,12.8,0.03,0.7,0.53,0.52,1.35,0.0,0.98,0.04,150,120,1305,7.3,113333
17031243500,5.3,23.9,8.5,1.9,9.0,4.1,14.8,12.9,0.03,0.71,0.55,0.52,1.49,0.0,1.0,0.05,110,110,2246,2.5,217478
17031711100,10.2,12.8,11.5,6.6,17.0,16.7,34.2,14.7,0.02,0.61,0.33,0.52,0.49,0.0,0.91,0.02,140,70,867,15.4,96775
17031250200,15.5,16.3,10.6,4.4,16.4,12.8,32.7,15.3,0.02,0.64,0.35,0.52,0.51,0.0,0.95,0.04,125,70,658,10.9,69868
17031491000,15.3,12.0,13.5,7.4,25.4,20.1,43.0,19.7,0.02,0.61,0.32,0.52,0.51,0.0,0.93,0.02,160,330,746,28.4,52250
17031491100,9.8,11.5,11.4,7.9,16.0,19.1,34.9,13.8,0.02,0.61,0.32,0.52,0.5,0.0,0.93,0.02,210,115,1031,10.6,81467
17031710100,16.0,12.1,13.3,8.0,28.8,22.0,45.7,20.6,0.02,0.61,0.32,0.52,0.46,0.0,0.91,0.02,4,60,353,31.8,-
17031510100,27.4,15.7,9.7,6.7,16.7,14.8,40.1,15.9,0.02,0.6,0.3,0.52,0.48,0.0,0.9,0.02,100,215,1188,5.5,81250
17031510200,14.6,12.2,11.9,7.7,20.5,19.7,39.4,16.7,0.02,0.6,0.31,0.52,0.48,0.0,0.91,0.02,210,165,1072,3.4,66250
17031710300,12.1,12.5,12.7,6.8,20.6,18.4,38.2,17.8,0.02,0.61,0.32,0.52,0.47,0.0,0.91,0.02,20,50,393,4.7,52344
17031520200,28.8,15.9,10.1,5.9,19.3,15.1,42.4,17.8,0.02,0.54,0.37,0.52,0.64,0.0,0.82,0.02,80,145,1060,11.6,60096
17031710900,11.9,12.2,13.0,6.4,21.5,18.2,38.2,18.3,0.02,0.61,0.32,0.52,0.48,0.0,0.91,0.02,35,120,672,11.8,48015
17031711000,13.1,11.9,12.8,7.5,22.0,19.5,40.4,17.9,0.02,0.61,0.33,0.52,0.48,0.0,0.91,0.02,45,65,1023,15.7,69242
17031711200,10.4,11.6,12.0,7.4,18.5,19.4,36.4,15.1,0.02,0.61,0.33,0.52,0.49,0.0,0.92,0.02,155,220,1367,12.4,62018
17031711400,11.1,12.5,11.9,6.9,18.6,17.9,36.6,15.9,0.02,0.61,0.33,0.52,0.52,0.0,0.92,0.02,120,135,796,15.3,60952
17031081402,4.1,19.4,8.1,3.1,6.9,5.8,15.1,10.9,0.03,0.68,0.47,0.52,1.18,0.0,0.95,0.04,235,295,3428,5.3,217537
17031710600,13.1,12.3,12.9,6.9,22.5,18.5,40.3,18.4,0.02,0.61,0.32,0.52,0.47,0.0,0.91,0.02,60,85,670,17.0,64545
17031061902,4.9,20.7,8.4,3.8,8.4,6.2,16.4,12.1,0.02,0.6,0.51,0.52,1.04,0.0,0.84,0.03,135,530,2776,3.5,145781
17031030200,6.4,21.0,8.7,3.3,10.6,6.6,18.2,12.7,0.02,0.6,0.31,0.52,0.4,0.0,0.9,0.02,100,130,2358,5.1,171953
17031030300,14.0,16.7,9.1,5.3,15.1,11.5,30.3,14.6,0.02,0.61,0.31,0.52,0.41,0.0,0.9,0.02,110,105,1216,2.9,102031
17031030400,9.2,18.5,8.7,4.1,11.3,8.9,22.8,12.9,0.02,0.61,0.32,0.52,0.45,0.0,0.91,0.02,55,125,1230,3.9,120750
17031030500,8.0,22.1,8.4,2.8,10.3,6.1,18.5,12.6,0.02,0.61,0.32,0.52,0.44,0.0,0.91,0.02,165,260,2993,1.3,151250
17031030800,5.1,21.6,8.0,3.0,8.4,5.9,15.9,11.2,0.02,0.61,0.32,0.52,0.46,0.0,0.91,0.02,125,150,2085,4.3,164792
17031242400,5.6,22.9,8.7,2.9,9.1,4.7,16.2,13.3,0.02,0.64,0.35,0.52,0.61,0.0,0.96,0.04,10,160,1563,2.4,161667
17031242500,10.4,21.3,9.0,3.2,12.1,7.0,22.0,14.4,0.02,0.64,0.35,0.52,0.6,0.0,0.95,0.04,70,145,1479,3.4,113413
17031242600,10.7,20.8,8.8,3.2,11.0,7.5,22.2,13.7,0.02,0.64,0.35,0.52,0.59,0.0,0.95,0.04,155,280,2403,6.3,91587
17031242700,14.7,18.5,10.0,3.5,14.1,9.7,28.0,15.9,0.02,0.64,0.35,0.52,0.59,0.0,0.95,0.04,30,90,738,1.9,81296
17031242800,6.9,21.7,8.5,3.5,10.7,6.3,18.6,12.6,0.02,0.64,0.35,0.52,0.6,0.0,0.96,0.04,35,25,679,1.9,210817
17031242900,6.1,23.1,8.1,2.7,8.0,5.0,15.4,11.7,0.02,0.64,0.35,0.52,0.62,0.0,0.96,0.04,55,55,828,5.0,216250
17031243000,8.4,23.6,8.2,2.5,9.9,5.3,17.8,12.7,0.02,0.64,0.35,0.52,0.64,0.0,0.96,0.04,25,80,1060,3.5,170960
17031220400,6.9,22.3,8.1,2.8,7.5,5.8,16.6,11.8,0.03,0.63,0.36,0.52,0.62,0.0,0.94,0.03,85,50,1088,2.0,170500
17031220500,7.0,23.0,8.3,2.3,8.3,5.2,16.7,12.8,0.03,0.63,0.36,0.52,0.63,0.0,0.94,0.03,75,95,1378,6.2,136250
17031031800,5.7,23.5,8.2,2.2,7.9,4.7,14.8,12.0,0.02,0.61,0.33,0.52,0.48,0.0,0.91,0.03,20,105,957,6.4,135375
17031221000,17.6,19.7,9.3,3.1,13.5,8.8,28.7,15.9,0.02,0.64,0.35,0.52,0.54,0.0,0.95,0.04,65,105,1061,7.9,74851
17031810400,5.1,18.5,8.4,5.1,9.7,7.6,18.9,11.2,0.03,0.67,0.34,0.52,0.49,0.0,1.01,0.02,215,30,1990,2.9,175995
17031031900,6.4,22.3,8.9,2.5,10.2,5.3,17.1,13.4,0.02,0.61,0.33,0.52,0.49,0.0,0.92,0.03,45,95,1322,2.1,162125
17031520500,19.1,16.9,9.2,6.1,14.8,12.0,33.0,14.4,0.01,0.55,0.32,0.52,0.47,0.0,0.85,0.02,140,30,1365,6.1,93929
17031720500,4.1,20.9,8.4,3.8,8.8,6.2,15.8,11.3,0.02,0.61,0.32,0.52,0.46,0.0,0.93,0.02,15,4,701,3.3,152917
17031350100,5.4,14.4,9.0,3.2,8.1,9.2,21.6,12.1,0.03,0.65,0.42,0.52,0.9,0.0,0.91,0.03,0,335,1465,4.1,66182
17031351100,16.8,11.0,15.4,7.2,30.0,20.8,48.0,24.4,0.02,0.65,0.41,0.52,0.85,0.0,0.9,0.03,15,230,829,39.2,25466
17031251200,15.0,12.9,12.9,6.7,23.8,18.8,40.8,18.5,0.02,0.64,0.35,0.52,0.51,0.0,0.95,0.04,150,175,970,12.8,84677
17031570100,23.6,18.3,9.4,4.9,15.6,10.3,33.7,15.7,0.03,0.74,0.37,0.52,0.63,0.0,1.05,0.06,80,20,392,5.2,76563
17031030900,6.8,20.9,8.2,3.1,9.7,6.5,18.3,11.9,0.02,0.61,0.32,0.52,0.46,0.0,0.91,0.03,70,165,1500,4.7,149881
17031250600,11.4,14.0,11.6,5.6,18.3,15.7,34.4,16.0,0.02,0.64,0.35,0.52,0.5,0.0,0.95,0.04,170,70,1058,6.0,94205
17031560100,21.2,15.3,8.9,6.9,13.6,14.1,35.9,13.2,0.03,0.74,0.43,0.52,0.59,0.0,1.04,0.15,55,4,231,7.2,86250
17031032100,7.6,21.3,9.1,3.2,11.2,6.6,20.0,14.5,0.03,0.6,0.48,0.52,0.78,0.0,0.84,0.03,270,435,3670,5.3,90556
17031490500,8.3,13.5,11.6,5.8,13.4,14.6,30.3,15.3,0.02,0.61,0.33,0.52,0.56,0.0,0.92,0.02,110,75,635,11.5,99467
17031490600,9.4,12.1,11.5,7.3,16.0,18.2,33.6,14.2,0.02,0.61,0.33,0.52,0.56,0.0,0.92,0.02,35,80,484,21.1,52031
17031490700,10.4,13.1,11.7,6.5,17.6,17.0,34.6,15.4,0.02,0.61,0.33,0.52,0.56,0.0,0.92,0.02,65,130,732,24.8,43542
17031490800,9.7,12.0,12.0,7.1,17.6,18.9,35.6,15.4,0.02,0.61,0.33,0.52,0.56,0.0,0.92,0.02,170,65,1024,17.3,63594
17031700200,19.7,18.4,9.3,4.2,14.2,10.2,31.4,14.9,0.02,0.71,0.33,0.52,0.49,0.0,0.98,0.02,285,30,1592,11.0,75234
17031710200,13.3,12.1,13.1,7.3,22.5,19.1,40.6,18.7,0.02,0.61,0.32,0.52,0.46,0.0,0.91,0.02,45,320,1258,18.1,-
17031710400,10.9,12.8,12.3,6.3,19.2,17.3,36.1,16.5,0.02,0.61,0.33,0.52,0.47,0.0,0.92,0.02,205,525,1695,27.9,70479
17031710500,11.0,12.5,12.6,6.6,20.7,18.3,37.7,17.3,0.02,0.61,0.33,0.52,0.47,0.0,0.91,0.02,80,240,1399,18.3,46434
17031710700,12.9,12.0,12.6,7.4,21.8,19.5,40.4,17.5,0.02,0.61,0.32,0.52,0.46,0.0,0.91,0.02,80,230,1040,24.5,62250
17031251000,14.8,13.8,12.5,5.5,22.5,15.9,39.2,19.0,0.02,0.64,0.35,0.52,0.52,0.0,0.95,0.04,25,100,356,16.7,37159
17031280400,14.3,13.5,13.7,4.5,23.6,14.5,38.6,21.0,0.02,0.65,0.37,0.52,0.71,0.0,0.97,0.04,10,115,395,0.0,-
17031580800,32.8,18.1,9.6,4.4,17.5,11.4,40.0,17.3,0.03,0.71,0.34,0.52,0.54,0.0,1.0,0.03,105,20,567,5.3,71023
17031351000,6.8,13.2,10.2,4.8,11.1,12.7,26.6,13.4,0.02,0.65,0.41,0.52,0.86,0.0,0.9,0.03,35,480,2353,7.4,75764
17031360200,10.3,14.3,13.0,3.8,19.3,12.6,32.9,18.9,0.02,0.65,0.41,0.52,0.83,0.0,0.9,0.03,35,170,707,29.9,43349
17031380100,13.7,11.0,12.8,9.1,22.6,22.3,40.9,17.2,0.02,0.65,0.41,0.52,0.8,0.0,0.9,0.03,105,275,829,13.0,125833
17031231500,14.6,13.2,12.5,6.7,22.1,17.7,39.3,18.3,0.02,0.64,0.34,0.52,0.54,0.0,0.95,0.04,105,640,1972,11.3,49583
17031251100,17.8,11.2,13.9,8.5,27.9,22.2,47.3,20.6,0.02,0.64,0.35,0.52,0.52,0.0,0.95,0.04,280,395,1411,11.5,43681
17031550200,14.7,16.3,9.1,6.9,14.8,12.3,31.1,13.9,0.02,0.61,0.3,0.52,0.5,0.0,0.96,0.12,25,95,874,7.5,77258
17031560800,12.5,18.2,9.2,5.8,14.7,9.9,27.8,14.3,0.03,0.78,0.39,0.52,0.6,0.0,1.07,0.17,80,45,1701,2.7,123034
17031560900,9.4,18.7,8.7,5.6,12.7,8.8,24.3,12.8,0.03,0.81,0.38,0.52,0.61,0.0,1.03,0.05,165,0,1625,4.6,126455
17031500300,12.2,16.0,10.3,5.5,16.0,12.5,30.1,14.9,0.02,0.6,0.31,0.52,0.45,0.0,0.94,0.02,30,130,828,12.4,70833
17031561000,9.0,18.5,8.6,5.5,12.1,8.7,23.5,12.4,0.03,0.84,0.37,0.52,0.57,0.0,1.03,0.05,320,20,2062,6.4,109661
17031561100,12.3,17.8,8.8,6.0,13.4,9.8,27.0,13.3,0.04,0.82,0.39,0.52,0.59,0.0,1.13,0.07,135,65,1920,3.4,122891
17031570200,22.1,17.5,8.8,5.5,13.7,10.9,33.0,14.0,0.03,0.73,0.38,0.52,0.59,0.0,1.03,0.08,50,55,686,7.8,96435
17031730400,8.8,12.4,11.3,6.7,15.1,17.0,32.2,13.8,0.02,0.61,0.34,0.52,0.53,0.0,0.92,0.02,110,175,1232,5.9,113688
17031730500,10.1,11.9,11.6,7.5,17.7,19.1,36.3,15.1,0.02,0.61,0.34,0.52,0.55,0.0,0.92,0.02,140,90,1523,9.2,73813
17031730600,9.6,11.5,11.6,7.5,16.7,19.2,35.3,14.6,0.02,0.61,0.34,0.52,0.53,0.0,0.92,0.02,110,65,1010,7.3,95917
17031730700,11.2,12.2,12.1,7.0,18.8,18.6,36.2,15.9,0.02,0.61,0.34,0.52,0.52,0.0,0.93,0.02,80,55,727,10.8,87198
17031250300,15.8,13.9,12.2,5.5,21.5,16.2,38.6,18.3,0.02,0.64,0.35,0.52,0.5,0.0,0.95,0.03,85,310,1261,6.3,69331
17031250400,12.1,14.6,11.8,5.0,18.3,14.7,33.6,16.5,0.02,0.64,0.35,0.52,0.5,0.0,0.95,0.04,205,280,1662,12.5,55823
17031250500,9.1,17.1,9.3,4.6,12.2,10.1,24.7,12.7,0.02,0.64,0.36,0.52,0.5,0.0,0.95,0.03,325,70,2822,4.2,142386
17031250700,12.7,13.2,12.6,5.9,21.7,17.4,38.2,18.1,0.02,0.64,0.35,0.52,0.5,0.0,0.95,0.04,185,505,1740,17.9,38661
17031250800,13.9,14.0,11.8,5.7,19.5,16.4,36.9,16.9,0.02,0.64,0.35,0.52,0.51,0.0,0.95,0.04,85,120,723,5.1,68841
17031520300,28.0,17.4,9.6,5.4,16.5,12.6,38.1,16.2,0.02,0.54,0.37,0.52,0.54,0.0,0.82,0.02,120,150,1805,6.9,63702
17031520600,23.1,16.2,9.3,6.4,15.2,13.3,36.5,14.8,0.01,0.56,0.29,0.52,0.43,0.0,0.88,0.02,60,20,739,5.8,89125
17031560200,12.6,13.0,11.1,6.8,16.9,17.3,35.7,14.8,0.03,0.75,0.45,0.52,0.58,0.0,1.05,0.21,65,30,466,5.8,92938
17031560300,21.1,16.6,9.5,6.5,16.8,12.9,35.5,15.6,0.04,0.77,0.41,0.52,0.59,0.0,1.09,0.14,250,25,820,6.8,114722
17031560700,16.2,18.2,9.2,5.5,15.2,10.3,30.4,14.9,0.06,0.86,0.43,0.52,0.6,0.0,1.26,0.16,145,70,1229,3.7,92708
17031711500,11.3,12.1,12.1,7.5,19.3,19.1,38.1,16.3,0.02,0.61,0.33,0.52,0.53,0.0,0.92,0.02,110,95,755,8.0,56103
17031720600,4.1,18.9,8.7,4.3,8.7,7.8,16.9,10.8,0.02,0.61,0.33,0.52,0.49,0.0,0.93,0.02,105,0,625,4.0,171903
17031031000,7.4,21.7,8.6,2.9,10.2,5.9,18.5,13.1,0.02,0.61,0.33,0.52,0.47,0.0,0.91,0.03,95,120,1963,3.3,188379
17031580300,29.3,17.2,9.2,4.7,16.6,12.6,39.2,16.0,0.02,0.66,0.37,0.52,0.63,0.0,0.99,0.08,15,50,725,3.2,82596
17031050500,4.3,22.7,8.2,2.7,7.6,4.8,13.9,11.4,0.02,0.63,0.35,0.52,0.61,0.0,0.93,0.03,85,10,1864,3.4,"250,000"
17031050800,4.6,24.3,8.2,2.2,8.4,4.4,14.0,12.2,0.02,0.63,0.35,0.52,0.61,0.0,0.93,0.03,20,0,488,3.5,"250,000"
17031051000,5.7,25.2,8.3,1.9,8.4,3.9,14.2,12.5,0.03,0.63,0.35,0.52,0.62,0.0,0.94,0.03,30,20,691,1.5,235795
17031051400,6.6,22.8,8.5,2.4,9.7,5.4,17.0,12.8,0.02,0.63,0.35,0.52,0.63,0.0,0.94,0.03,30,55,1003,2.5,201964
17031081900,6.2,18.0,9.6,3.8,11.5,8.6,21.3,13.2,0.03,0.71,0.56,0.52,1.53,0.0,1.0,0.05,120,40,685,1.4,"250,000"
17031252000,14.1,12.2,13.4,6.8,24.8,19.2,41.9,19.7,0.02,0.65,0.36,0.52,0.56,0.0,0.96,0.04,90,510,1829,31.4,41166
17031260300,17.5,12.1,13.7,7.5,27.4,20.0,45.1,20.8,0.02,0.65,0.36,0.52,0.57,0.0,0.95,0.04,10,180,360,25.4,-
17031040300,7.8,17.1,8.3,4.7,11.1,9.0,23.2,12.0,0.02,0.62,0.34,0.52,0.48,0.0,0.92,0.03,110,65,1059,10.0,100272
17031040800,5.9,21.6,8.4,3.2,9.6,6.0,17.1,12.1,0.02,0.62,0.35,0.52,0.51,0.0,0.92,0.03,35,40,753,3.6,188571
17031050100,5.0,24.3,8.3,2.2,7.7,4.2,13.7,12.2,0.02,0.62,0.34,0.52,0.55,0.0,0.93,0.03,25,70,1129,4.0,198426
17031050200,6.0,20.9,8.4,3.4,9.4,6.4,17.6,12.1,0.02,0.62,0.34,0.52,0.56,0.0,0.93,0.03,85,100,2014,4.2,189911
17031050300,5.8,21.5,8.3,3.1,9.2,6.0,16.9,12.0,0.02,0.62,0.35,0.52,0.57,0.0,0.93,0.03,60,65,949,2.0,229861
17031380200,9.8,8.3,11.5,10.9,14.4,23.8,39.6,12.8,0.02,0.65,0.41,0.52,0.82,0.0,0.9,0.03,25,295,745,2.9,67987
17031600400,12.3,12.6,8.1,5.4,15.6,13.5,34.8,13.6,0.03,0.67,0.45,0.52,1.08,0.0,0.94,0.04,200,260,1532,4.5,58398
17031081500,3.8,21.5,7.9,2.6,6.5,4.9,13.6,11.1,0.03,0.71,0.56,0.52,1.53,0.0,0.99,0.05,245,205,3260,2.0,"250,000"
17031720100,4.0,17.2,8.7,4.6,8.1,8.9,17.5,10.1,0.02,0.61,0.34,0.52,0.53,0.0,0.92,0.02,65,0,1077,17.7,160500
17031720200,5.5,16.5,9.9,4.5,11.4,10.7,22.2,12.3,0.02,0.61,0.34,0.52,0.53,0.0,0.92,0.02,200,100,1518,3.6,133438
17031720300,4.4,17.2,9.0,4.7,9.4,9.4,19.1,11.1,0.02,0.61,0.34,0.52,0.53,0.0,0.92,0.02,95,10,1410,6.1,172361
17031720700,6.6,16.7,10.2,4.3,13.0,10.3,24.0,13.3,0.02,0.61,0.33,0.52,0.51,0.0,0.93,0.02,15,65,1153,8.3,169209
17031730100,8.6,11.8,11.4,7.1,15.1,17.7,33.5,13.9,0.02,0.61,0.33,0.52,0.54,0.0,0.92,0.02,100,70,820,13.5,71063
17031730300,10.5,13.1,12.1,6.0,18.1,16.5,34.3,15.9,0.02,0.61,0.34,0.52,0.53,0.0,0.92,0.02,30,30,258,27.3,47222
17031031100,6.9,20.8,8.4,3.0,10.1,6.3,19.0,13.0,0.02,0.61,0.32,0.52,0.47,0.0,0.91,0.03,45,520,2758,1.7,131602
17031031200,14.1,15.1,9.8,6.5,19.9,14.3,34.3,15.4,0.02,0.6,0.3,0.52,0.45,0.0,0.9,0.02,65,710,2457,4.7,-
17031031300,9.7,15.5,9.1,6.0,14.8,12.3,28.8,13.8,0.02,0.59,0.43,0.52,0.63,0.0,0.84,0.03,165,290,3695,4.7,95186
17031031400,4.8,19.2,8.4,4.1,7.8,7.2,17.0,11.2,0.02,0.58,0.45,0.52,0.77,0.0,0.8,0.03,180,190,2973,0.8,145543
17031570500,20.7,19.1,8.9,4.5,13.9,9.5,30.8,14.5,0.04,0.76,0.37,0.52,0.58,0.0,1.08,0.06,65,4,528,19.3,79803
17031580100,26.2,16.0,9.2,5.2,17.8,13.7,40.0,16.4,0.02,0.65,0.36,0.52,0.63,0.0,0.98,0.06,190,90,866,20.7,74107
17031580200,30.7,16.1,9.9,5.1,19.7,13.9,42.4,17.7,0.02,0.65,0.36,0.52,0.62,0.0,0.98,0.06,85,210,765,6.6,37055
17031060300,4.4,25.4,8.2,1.9,7.2,3.7,12.8,12.4,0.02,0.62,0.35,0.52,0.6,0.0,0.93,0.03,65,60,1180,2.9,212344
17031580400,25.4,17.4,9.0,4.7,15.8,11.7,36.9,15.5,0.03,0.73,0.35,0.52,0.6,0.0,1.03,0.04,405,110,1282,6.4,57857
17031580600,26.4,18.1,9.1,4.2,15.1,10.8,35.7,15.8,0.02,0.66,0.37,0.52,0.6,0.0,0.98,0.05,205,170,1383,6.7,67180
17031530300,9.6,12.4,11.6,6.9,16.3,17.5,34.1,14.8,0.02,0.61,0.32,0.52,0.48,0.0,0.94,0.02,185,30,1303,9.8,68472
17031051300,4.1,24.7,8.0,1.8,6.8,3.7,12.4,11.3,0.02,0.63,0.35,0.52,0.63,0.0,0.94,0.03,50,60,1093,7.5,245833
17031500100,7.7,13.1,11.2,5.8,13.9,15.5,30.0,13.6,0.02,0.61,0.32,0.52,0.56,0.0,0.92,0.02,75,105,1126,15.3,68542
17031050600,4.2,24.9,8.2,2.0,7.3,3.8,12.9,12.3,0.02,0.63,0.35,0.52,0.6,0.0,0.93,0.03,75,20,1137,7.0,203214
17031050700,4.4,24.8,8.2,2.0,7.6,3.8,13.0,12.1,0.02,0.63,0.35,0.52,0.61,0.0,0.93,0.03,25,35,668,3.3,212321
17031050900,6.4,22.9,8.6,2.5,10.1,5.2,17.1,13.4,0.03,0.63,0.35,0.52,0.62,0.0,0.94,0.03,30,40,648,0.0,216458
17031051100,6.3,25.0,8.6,2.0,9.8,4.0,15.3,13.5,0.02,0.63,0.35,0.52,0.62,0.0,0.94,0.03,35,70,713,3.6,214091
17031081800,3.6,25.6,7.9,1.5,6.3,3.0,11.4,11.5,0.03,0.71,0.56,0.52,1.54,0.0,1.0,0.05,375,400,7110,1.8,223705
17031090100,6.0,17.8,8.6,5.8,11.1,8.5,21.3,12.0,0.03,0.66,0.33,0.52,0.45,0.0,0.98,0.02,155,35,1219,5.2,172621
17031090200,5.3,20.0,8.4,4.4,10.0,6.9,18.2,11.7,0.03,0.66,0.33,0.52,0.46,0.0,0.99,0.02,220,160,2365,0.4,177969
17031090300,4.9,19.0,8.3,4.8,9.9,7.4,18.6,11.1,0.03,0.66,0.33,0.52,0.47,0.0,0.99,0.02,60,15,504,4.8,140865
17031100100,7.7,18.6,8.8,5.3,12.6,8.6,22.9,12.9,0.03,0.63,0.37,0.52,0.55,0.0,0.95,0.03,200,75,2082,2.6,112796
17031260200,15.6,12.8,13.5,6.5,25.8,18.4,42.3,20.4,0.02,0.65,0.36,0.52,0.58,0.0,0.95,0.04,10,75,347,4.5,49410
17031100200,7.4,18.0,8.8,5.7,12.7,8.8,23.4,12.8,0.03,0.64,0.35,0.52,0.52,0.0,0.97,0.03,135,125,2502,5.9,146677
17031260100,18.7,11.7,13.4,8.7,28.3,21.7,46.8,20.1,0.02,0.64,0.36,0.52,0.58,0.0,0.95,0.04,30,60,422,17.9,52639
17031062400,4.8,26.0,8.3,1.9,7.6,3.3,12.9,12.8,0.02,0.63,0.35,0.52,0.63,0.0,0.93,0.03,55,30,677,3.2,"250,000"
17031491300,14.6,12.3,13.2,7.0,24.4,19.3,41.7,19.3,0.02,0.6,0.31,0.52,0.46,0.0,0.94,0.02,40,190,544,19.8,42045
17031720400,5.0,21.1,8.5,4.0,10.2,6.5,17.6,12.0,0.02,0.64,0.34,0.52,0.51,0.0,0.93,0.02,50,4,650,3.7,139375
17031530400,9.7,13.9,11.8,5.3,17.3,15.3,32.2,15.6,0.02,0.61,0.32,0.52,0.48,0.0,0.94,0.02,60,80,766,3.7,91131
17031063400,4.0,26.5,8.4,1.3,6.1,2.7,11.3,13.0,0.02,0.61,0.53,0.52,1.09,0.0,0.85,0.04,0,100,1309,1.9,222939
17031750600,9.6,12.6,11.7,6.7,16.8,17.5,34.3,15.2,0.02,0.61,0.32,0.52,0.48,0.0,0.94,0.02,145,70,1089,3.0,66368
17031040100,7.7,20.2,8.5,3.5,10.6,7.3,19.7,12.4,0.02,0.61,0.33,0.52,0.46,0.0,0.91,0.03,55,180,1781,4.1,192381
17031040600,4.5,23.6,8.1,2.3,7.1,4.4,13.4,11.6,0.02,0.62,0.33,0.52,0.49,0.0,0.92,0.03,10,150,1204,2.0,166250
17031040700,6.4,22.8,8.4,2.6,9.5,5.2,16.4,12.5,0.02,0.62,0.34,0.52,0.49,0.0,0.92,0.03,30,195,1612,7.4,135278
17031040900,4.7,23.4,8.4,2.4,7.6,4.6,14.0,12.2,0.02,0.62,0.33,0.52,0.5,0.0,0.92,0.03,50,90,1052,3.8,195208
17031081600,3.9,23.7,7.9,2.1,6.3,4.0,12.6,11.4,0.03,0.71,0.56,0.52,1.53,0.0,1.0,0.05,170,195,2475,3.7,"250,000"
17031081700,4.0,23.3,8.0,1.9,5.8,4.0,12.5,11.4,0.03,0.71,0.56,0.52,1.53,0.0,1.0,0.05,120,415,3348,3.7,157414
17031251300,13.7,13.1,12.6,6.2,22.4,17.4,39.2,18.1,0.02,0.64,0.35,0.52,0.5,0.0,0.95,0.04,200,145,1317,12.0,58780
17031251400,11.5,13.2,11.8,6.3,19.3,16.8,35.2,15.9,0.02,0.64,0.36,0.52,0.54,0.0,0.95,0.04,135,555,1196,23.6,50000
17031251500,18.2,12.0,13.7,7.4,29.6,20.7,46.6,21.0,0.02,0.64,0.36,0.52,0.54,0.0,0.95,0.04,95,415,1157,24.2,61250
17031251900,15.2,12.9,13.5,6.3,26.5,18.4,42.4,20.8,0.02,0.65,0.36,0.52,0.57,0.0,0.96,0.04,110,485,1963,20.4,42377
17031260700,18.4,12.0,14.2,7.5,29.1,20.2,46.8,22.0,0.02,0.65,0.36,0.52,0.59,0.0,0.96,0.05,15,220,399,14.9,36848
17031600900,11.8,17.1,8.4,4.1,13.0,9.7,27.9,13.8,0.03,0.67,0.44,0.52,1.03,0.0,0.94,0.04,110,130,1347,8.9,81076
17031611200,32.3,15.3,10.9,5.5,25.1,15.6,47.6,20.4,0.02,0.62,0.35,0.52,0.62,0.0,0.94,0.03,115,155,643,11.4,66011
17031062800,3.9,26.8,8.2,1.5,6.3,2.9,11.3,12.5,0.02,0.62,0.33,0.52,0.62,0.0,0.93,0.03,75,65,1518,1.1,"250,000"
17031062900,4.1,26.7,8.4,1.4,6.5,2.6,11.6,13.3,0.03,0.62,0.54,0.52,1.01,0.0,0.87,0.04,50,145,1958,1.8,"250,000"
17031063000,4.6,26.3,8.3,1.4,6.5,2.7,12.1,13.1,0.03,0.61,0.54,0.52,1.07,0.0,0.85,0.04,25,230,1652,8.2,235141
17031063100,4.2,26.2,8.3,1.5,6.8,2.9,11.8,12.9,0.02,0.61,0.53,0.52,1.07,0.0,0.84,0.04,10,140,1334,3.0,240694
17031063200,4.5,21.0,8.4,3.5,6.7,5.4,14.9,12.0,0.02,0.61,0.52,0.52,1.08,0.0,0.84,0.03,135,420,4242,1.5,152928
17031110200,8.0,18.2,8.5,5.1,11.5,8.3,23.0,12.6,0.03,0.63,0.37,0.52,0.55,0.0,0.95,0.03,100,65,1104,15.9,97778
17031251600,17.7,11.5,13.9,8.1,29.1,22.2,47.2,21.5,0.02,0.64,0.36,0.52,0.54,0.0,0.95,0.04,80,475,1123,15.5,45760
17031251700,10.8,15.9,11.3,4.4,15.9,12.4,30.2,15.8,0.02,0.64,0.35,0.52,0.54,0.0,0.95,0.04,4,50,391,10.5,57083
17031251800,17.6,11.5,14.0,7.8,29.6,21.7,47.9,21.8,0.02,0.65,0.36,0.52,0.57,0.0,0.96,0.04,105,705,1196,15.4,38317
17031570300,25.5,18.1,9.3,5.0,16.2,10.9,36.0,16.1,0.03,0.74,0.37,0.52,0.58,0.0,1.05,0.07,550,75,1444,5.9,110446
17031570400,23.8,18.4,9.2,4.6,15.4,10.3,34.4,15.5,0.03,0.73,0.36,0.52,0.55,0.0,1.03,0.05,45,75,511,4.0,74226
17031100600,7.8,18.0,8.7,5.6,12.9,9.1,24.0,12.8,0.03,0.65,0.35,0.52,0.52,0.0,0.97,0.03,240,105,1782,4.5,96250
17031062200,4.4,27.0,8.4,1.2,6.9,2.3,11.8,13.6,0.03,0.62,0.46,0.52,0.85,0.0,0.89,0.03,30,60,1361,3.4,"250,000"
17031100700,6.9,16.9,8.3,6.0,10.9,9.2,22.8,11.3,0.03,0.65,0.35,0.52,0.52,0.0,0.97,0.03,165,70,1687,8.2,162841
17031261000,14.2,12.3,13.1,6.8,24.6,19.0,42.4,19.4,0.02,0.65,0.36,0.52,0.59,0.0,0.96,0.05,35,200,798,12.4,48832
17031062600,3.7,25.6,7.9,1.6,6.5,3.2,11.3,11.2,0.02,0.63,0.35,0.52,0.63,0.0,0.94,0.03,30,40,918,2.0,"250,000"
17031110100,8.7,18.1,9.1,5.5,14.2,9.4,24.9,13.8,0.03,0.63,0.36,0.52,0.55,0.0,0.94,0.03,365,80,2010,1.5,121111
17031260900,15.5,13.1,13.3,6.0,26.3,17.2,42.3,20.3,0.02,0.65,0.36,0.52,0.6,0.0,0.96,0.05,30,140,286,22.5,21250
17031270500,19.0,11.6,14.2,8.0,28.6,20.6,46.5,21.2,0.02,0.64,0.35,0.52,0.59,0.0,0.96,0.05,40,135,386,13.9,36644
17031520100,30.9,16.7,9.9,5.5,18.2,13.2,40.9,17.2,0.01,0.53,0.35,0.52,0.73,0.0,0.81,0.02,20,4,428,12.8,63563
17031611400,33.4,17.6,10.0,4.5,19.6,12.4,42.3,18.4,0.02,0.63,0.36,0.52,0.61,0.0,0.95,0.03,30,145,833,13.2,31089
17031610300,33.0,17.1,10.1,4.8,20.1,13.0,42.4,18.5,0.03,0.71,0.44,0.52,1.16,0.0,1.1,0.05,165,150,1624,17.9,51653
17031610800,9.9,19.3,9.5,4.6,17.4,8.7,27.2,15.8,0.03,0.65,0.4,0.52,0.88,0.0,0.93,0.03,45,50,578,6.5,130506
17031062700,4.8,25.7,8.3,2.0,7.3,3.6,12.9,12.7,0.02,0.63,0.35,0.52,0.63,0.0,0.93,0.03,55,40,1360,4.7,"250,000"
17031120300,5.1,16.7,8.0,5.0,8.8,8.6,19.4,10.3,0.03,0.62,0.35,0.52,0.49,0.0,0.93,0.03,250,0,2302,2.9,185714
17031271800,20.0,11.1,14.4,8.1,34.6,23.1,52.0,23.7,0.02,0.64,0.35,0.52,0.61,0.0,0.96,0.05,0,30,265,4.0,58750
17031520400,23.8,16.8,9.1,5.9,14.9,12.7,36.1,14.7,0.01,0.53,0.33,0.52,0.5,0.0,0.81,0.02,150,110,1293,4.7,49876
17031260500,17.9,12.4,14.3,7.0,28.2,19.0,45.4,21.8,0.02,0.65,0.36,0.52,0.58,0.0,0.96,0.05,45,165,505,22.7,47232
17031260600,20.2,11.2,14.7,8.8,31.7,23.1,50.2,22.9,0.02,0.65,0.36,0.52,0.58,0.0,0.96,0.05,85,135,574,31.5,53843
17031580700,29.4,17.3,9.5,4.5,17.6,11.9,39.3,16.9,0.02,0.66,0.36,0.52,0.61,0.0,0.98,0.05,100,125,1416,15.9,75719
17031061200,4.4,27.0,8.5,1.4,6.6,2.6,11.8,13.6,0.02,0.62,0.34,0.52,0.61,0.0,0.93,0.03,20,45,830,0.3,158409
17031590500,18.5,17.3,8.8,4.7,14.6,11.0,32.7,14.6,0.02,0.65,0.37,0.52,0.66,0.0,0.98,0.05,95,45,684,3.5,93839
17031590600,21.1,18.0,9.0,4.5,14.1,10.9,32.8,14.8,0.03,0.67,0.41,0.52,0.88,0.0,1.0,0.05,90,75,1193,5.8,79929
17031590700,22.5,17.5,9.1,4.4,15.2,11.2,34.7,15.6,0.03,0.68,0.44,0.52,1.05,0.0,0.99,0.04,80,10,887,7.8,112750
17031600600,19.3,14.6,9.2,5.7,19.4,13.4,38.6,16.1,0.03,0.67,0.45,0.52,1.07,0.0,0.94,0.04,215,165,1053,4.3,93397
17031600700,12.4,15.3,8.2,5.0,14.2,11.7,30.7,13.4,0.03,0.67,0.44,0.52,1.02,0.0,0.94,0.04,190,170,1099,5.9,50357
17031060400,4.5,26.2,8.3,1.6,7.4,3.1,12.5,12.9,0.02,0.62,0.34,0.52,0.6,0.0,0.93,0.03,80,110,1469,2.2,237455
17031060500,10.2,16.8,9.0,6.5,13.3,11.3,26.9,13.9,0.02,0.62,0.33,0.52,0.59,0.0,0.92,0.03,15,50,463,4.3,"250,000"
17031060900,5.0,22.3,8.4,2.9,8.0,5.3,15.4,12.2,0.02,0.6,0.51,0.52,1.0,0.0,0.83,0.03,275,155,4297,7.0,155603
17031061000,4.7,27.0,8.6,1.3,7.0,2.5,12.3,14.4,0.03,0.61,0.54,0.52,1.01,0.0,0.84,0.03,35,195,1079,2.4,187727
17031062000,3.8,26.6,8.1,1.4,6.0,2.7,10.9,12.3,0.02,0.61,0.52,0.52,1.04,0.0,0.84,0.03,40,250,1737,1.4,180833
17031062100,4.9,25.5,8.6,1.7,7.3,3.3,13.3,14.0,0.03,0.61,0.54,0.52,1.04,0.0,0.85,0.04,110,205,1999,2.5,223654
17031260400,20.8,11.6,14.5,8.5,32.1,22.8,49.8,22.7,0.02,0.65,0.36,0.52,0.57,0.0,0.95,0.04,10,130,464,38.0,-
17031260800,16.6,11.7,13.9,7.7,29.3,21.8,46.9,21.3,0.02,0.65,0.36,0.52,0.59,0.0,0.95,0.05,25,175,423,31.2,49767
17031630800,27.8,18.4,9.4,4.0,15.4,10.8,36.4,16.3,0.03,0.71,0.34,0.52,0.51,0.0,1.0,0.03,300,30,1513,12.0,75352
17031100300,6.8,15.0,8.4,7.5,10.9,10.3,25.5,11.4,0.03,0.66,0.34,0.52,0.49,0.0,0.98,0.02,165,400,2011,0.6,110217
17031100400,6.3,18.4,8.7,5.3,11.5,8.2,21.1,12.1,0.03,0.66,0.33,0.52,0.48,0.0,1.0,0.02,95,0,1099,3.6,160446
17031100500,6.9,17.9,8.7,5.6,11.9,8.6,22.1,12.1,0.03,0.66,0.33,0.52,0.49,0.0,1.0,0.02,190,50,2206,4.1,147450
17031283100,8.0,16.0,9.7,3.4,10.9,8.3,24.8,15.8,0.03,0.7,0.5,0.52,1.24,0.0,1.02,0.04,190,275,1403,7.2,-
17031271200,14.8,13.5,12.8,6.1,23.9,16.2,39.0,18.8,0.02,0.64,0.35,0.52,0.61,0.0,0.96,0.04,4,75,318,22.4,40893
17031610400,35.4,17.1,9.9,5.1,19.9,13.7,43.5,18.2,0.02,0.63,0.35,0.52,0.66,0.0,0.95,0.03,10,50,546,16.7,60000
17031611300,33.1,16.6,10.3,4.9,21.1,13.8,44.1,19.0,0.02,0.62,0.35,0.52,0.61,0.0,0.94,0.03,0,145,897,10.1,60106
17031062300,3.9,27.6,8.1,1.3,6.3,2.5,10.8,12.3,0.02,0.62,0.33,0.52,0.62,0.0,0.93,0.03,45,30,586,0.6,"250,000"
17031062500,4.5,24.9,8.3,2.0,7.7,3.9,13.2,12.6,0.02,0.63,0.35,0.52,0.62,0.0,0.94,0.03,40,50,644,5.7,210294
17031070700,5.8,23.4,8.5,2.2,9.5,4.7,16.1,13.3,0.02,0.63,0.35,0.52,0.64,0.0,0.94,0.03,60,30,1432,2.2,"250,000"
17031071100,4.2,24.2,9.2,1.8,5.9,3.2,12.5,14.7,0.03,0.65,0.59,0.52,1.32,0.0,0.9,0.04,10,65,1122,2.9,"250,000"
17031071300,3.6,23.6,8.4,2.2,6.1,3.9,12.1,12.2,0.03,0.65,0.59,0.52,1.36,0.0,0.9,0.04,100,135,1970,1.1,209350
17031140200,16.5,18.3,9.6,3.7,14.1,9.3,30.2,17.3,0.02,0.62,0.34,0.52,0.5,0.0,0.92,0.03,90,340,1792,6.3,67714
17031070600,3.7,24.4,8.1,2.0,6.5,3.8,12.0,11.4,0.02,0.63,0.35,0.52,0.65,0.0,0.94,0.03,45,60,1244,2.6,"250,000"
17031120400,8.9,17.6,8.5,4.8,12.2,9.5,24.1,12.5,0.03,0.63,0.36,0.52,0.53,0.0,0.94,0.03,160,15,1202,6.6,136679
17031130100,7.6,11.1,8.1,8.9,10.7,14.6,30.0,10.6,0.02,0.62,0.34,0.52,0.47,0.0,0.92,0.03,120,195,1489,6.8,99770
17031130200,6.8,17.2,8.0,4.9,9.5,8.7,20.7,10.6,0.03,0.62,0.35,0.52,0.49,0.0,0.93,0.03,70,0,712,0.0,95721
17031140100,16.2,19.7,8.9,3.0,14.1,8.0,27.6,15.3,0.02,0.62,0.34,0.52,0.49,0.0,0.92,0.03,140,110,1083,2.4,94113
17031283200,7.2,19.1,9.7,2.7,11.6,7.0,21.4,14.9,0.03,0.7,0.53,0.52,1.36,0.0,1.0,0.05,0,190,773,4.6,62804
17031140400,11.4,17.3,8.3,4.6,12.3,9.6,26.0,12.7,0.03,0.62,0.35,0.52,0.51,0.0,0.93,0.03,240,120,1900,4.8,109618
17031292400,15.2,13.5,13.0,5.9,24.3,16.3,40.1,19.2,0.02,0.65,0.36,0.52,0.6,0.0,0.96,0.06,25,170,609,10.4,52308
17031282700,11.0,18.4,9.7,2.9,13.2,8.3,25.7,15.4,0.02,0.65,0.35,0.52,0.64,0.0,0.97,0.04,80,125,992,6.5,131125
17031292500,14.4,12.3,13.2,7.0,22.5,18.4,40.4,18.8,0.02,0.65,0.37,0.52,0.6,0.0,0.97,0.07,135,355,1164,13.0,67050
17031300600,28.5,16.2,10.3,5.6,18.6,14.7,40.8,17.4,0.02,0.65,0.36,0.52,0.6,0.0,0.97,0.07,60,120,789,6.1,50983
17031300700,37.2,16.8,10.4,4.9,20.1,13.5,44.1,18.8,0.02,0.65,0.36,0.52,0.61,0.0,0.97,0.07,300,95,1589,6.9,53024
17031282800,10.2,19.3,9.1,2.9,11.0,7.6,23.1,14.8,0.02,0.65,0.36,0.52,0.64,0.0,0.97,0.04,50,30,542,6.4,82833
17031283800,8.0,17.8,9.5,3.7,11.2,9.0,22.8,13.6,0.03,0.7,0.53,0.52,1.39,0.0,0.99,0.05,95,155,1397,5.7,83958
17031290900,15.1,12.7,13.4,6.4,25.2,17.8,42.3,20.3,0.02,0.65,0.37,0.52,0.6,0.0,0.96,0.06,45,395,1066,24.5,46328
17031291600,21.9,17.5,10.0,4.1,16.3,11.6,34.5,16.3,0.02,0.65,0.36,0.52,0.64,0.0,0.97,0.05,0,50,536,9.2,125538
17031271300,17.5,11.9,14.3,6.9,28.6,19.2,46.0,22.1,0.02,0.64,0.35,0.52,0.6,0.0,0.96,0.05,4,90,303,14.0,46806
17031280900,14.7,12.9,14.1,4.6,26.1,15.4,41.2,22.6,0.02,0.65,0.35,0.52,0.63,0.0,0.96,0.04,4,60,379,4.1,95909
17031611700,24.3,14.2,12.5,5.9,26.4,17.0,45.5,20.9,0.02,0.63,0.35,0.52,0.59,0.0,0.94,0.03,50,360,743,5.1,88017
17031612100,15.3,12.5,12.6,7.3,23.2,18.8,41.5,18.0,0.02,0.62,0.34,0.52,0.61,0.0,0.94,0.03,30,85,219,21.7,48906
17031070300,3.9,27.0,8.3,1.4,5.8,2.5,11.0,13.2,0.03,0.62,0.55,0.52,1.14,0.0,0.86,0.04,70,95,1611,2.7,243462
17031300500,36.0,17.3,10.4,4.8,20.5,13.3,43.4,18.9,0.02,0.65,0.37,0.52,0.59,0.0,0.97,0.07,150,135,872,8.6,78495
17031291200,15.6,12.9,14.0,5.5,26.1,16.6,41.9,21.9,0.02,0.65,0.35,0.52,0.61,0.0,0.96,0.05,50,245,655,4.0,54900
17031620300,24.9,17.6,9.7,5.5,17.0,11.3,36.1,16.3,0.04,0.77,0.37,0.52,0.56,0.0,1.09,0.05,285,55,1851,4.9,83575
17031620400,23.3,19.1,8.7,4.0,12.9,9.7,32.1,14.4,0.03,0.73,0.34,0.52,0.52,0.0,1.02,0.04,180,160,1182,4.4,75724
17031630300,27.5,19.1,8.8,3.8,14.4,10.0,35.0,15.3,0.03,0.71,0.34,0.52,0.52,0.0,1.01,0.04,35,225,1273,5.9,91348
17031630400,32.9,17.5,9.7,4.7,19.0,12.8,42.3,18.1,0.03,0.71,0.34,0.52,0.52,0.0,1.0,0.03,230,135,1314,20.6,60889
17031630500,29.5,18.4,9.1,4.1,16.0,11.1,37.8,16.1,0.03,0.71,0.34,0.52,0.52,0.0,1.0,0.03,150,120,1352,10.3,51969
17031110300,9.0,17.5,8.9,5.8,13.9,9.9,25.7,13.5,0.03,0.63,0.37,0.52,0.55,0.0,0.95,0.03,155,35,1549,6.1,140653
17031110400,8.4,18.6,8.6,5.0,12.3,8.6,23.3,12.7,0.03,0.63,0.37,0.52,0.55,0.0,0.95,0.03,250,75,1941,2.6,111133
17031280100,3.6,24.8,7.8,1.5,5.9,3.1,11.5,11.4,0.03,0.71,0.56,0.52,1.53,0.0,1.0,0.05,185,165,5018,1.6,241058
17031120100,4.5,18.0,8.1,4.9,8.9,7.8,18.0,10.4,0.03,0.63,0.36,0.52,0.54,0.0,0.94,0.03,160,10,1441,9.3,166136
17031280800,12.0,12.7,12.1,7.4,18.5,17.9,36.2,16.8,0.02,0.65,0.35,0.52,0.63,0.0,0.96,0.04,4,55,296,14.3,33512
17031120200,5.1,17.0,8.3,5.3,9.4,8.7,19.5,10.7,0.03,0.63,0.36,0.52,0.53,0.0,0.94,0.03,115,90,1715,1.3,181544
17031271400,14.3,12.8,13.1,6.2,24.8,17.8,40.8,19.7,0.02,0.64,0.35,0.52,0.6,0.0,0.96,0.05,15,210,464,30.1,45000
17031071000,5.2,25.6,9.8,1.3,7.0,2.4,13.8,17.8,0.03,0.65,0.59,0.52,1.27,0.0,0.91,0.04,35,90,1014,5.1,"250,000"
17031281900,4.5,22.3,7.7,1.4,6.2,3.1,13.4,12.1,0.03,0.7,0.53,0.52,1.45,0.0,0.99,0.05,180,205,4195,5.4,182089
17031550100,17.1,16.9,9.4,6.4,16.2,11.9,32.6,14.9,0.01,0.57,0.28,0.52,0.44,0.0,0.9,0.03,205,330,2341,12.8,76840
17031071200,4.6,22.2,8.6,3.0,7.5,5.3,15.0,12.7,0.03,0.65,0.6,0.52,1.36,0.0,0.9,0.04,60,45,1183,8.1,219808
17031611500,34.4,15.0,10.1,7.1,21.0,17.2,47.4,18.0,0.02,0.68,0.34,0.52,0.56,0.0,0.98,0.03,90,145,774,10.4,56033
17031611800,16.3,16.0,11.3,4.3,20.2,12.8,36.6,17.6,0.02,0.62,0.35,0.52,0.6,0.0,0.94,0.03,25,0,507,6.4,56313
17031611900,21.3,13.2,13.3,6.5,29.2,17.9,46.6,21.7,0.02,0.62,0.35,0.52,0.6,0.0,0.94,0.03,25,60,461,8.9,46891
17031612000,15.0,12.9,12.7,6.4,23.4,17.6,40.6,18.8,0.02,0.62,0.34,0.52,0.6,0.0,0.94,0.03,30,65,359,6.9,76458
17031620100,21.5,19.2,8.6,4.0,12.3,9.5,30.7,13.9,0.03,0.72,0.35,0.52,0.53,0.0,1.02,0.04,130,35,1016,10.1,84583
17031620200,19.2,19.0,8.7,4.9,12.6,9.4,29.5,13.8,0.04,0.75,0.37,0.52,0.57,0.0,1.07,0.05,85,100,599,12.6,79063
17031070200,4.5,24.3,8.5,2.1,6.8,3.7,13.4,13.2,0.03,0.62,0.55,0.52,1.16,0.0,0.86,0.04,140,150,1967,5.7,207955
17031070400,6.1,22.3,8.8,3.3,9.5,5.8,17.3,14.0,0.03,0.63,0.6,0.52,1.15,0.0,0.87,0.04,55,160,1234,0.5,"250,000"
17031070500,4.8,23.1,8.1,3.1,7.3,4.8,14.9,11.9,0.02,0.62,0.34,0.52,0.66,0.0,0.92,0.03,65,250,1136,0.6,"250,000"
17031130300,11.8,15.7,8.7,5.0,14.7,11.0,29.3,14.0,0.02,0.62,0.34,0.52,0.47,0.0,0.92,0.03,230,160,1632,4.8,71058
17031292200,15.4,12.7,13.4,6.5,25.4,17.9,42.2,20.3,0.02,0.65,0.36,0.52,0.61,0.0,0.96,0.06,40,290,679,6.8,78684
17031630900,30.6,18.0,9.5,4.6,17.0,12.0,39.5,17.0,0.03,0.72,0.34,0.52,0.51,0.0,1.0,0.03,180,65,997,8.1,58750
